Datetime,Open,High,Low,Close,Volume,ema50,ema100,ema200,ema12,ema26,macd,signal,histogram,sma20,upper20,lower20
2024-06-07,8.5,11.6,8.5,11.12,5560500,11.12,11.12,11.12,11.12,11.12,0.0,0.0,0.0,,,
2024-06-11,11.9,16.98,11.74,16.98,2914500,11.349803921568627,11.236039603960394,11.178308457711442,12.021538461538462,11.554074074074073,0.4674643874643891,0.09349287749287782,0.3739715099715113,,,
2024-06-12,16.2,16.96,15.3,15.62,913500,11.517262591311034,11.322850700911673,11.222504393455607,12.575147928994085,11.855253772290808,0.7198941567032762,0.2187731333349575,0.5011210233683187,,,
2024-06-13,15.5,19.1,15.28,18.48,1037500,11.790311117141975,11.464576429606492,11.294718280087888,13.483586709148842,12.345975715084084,1.137610994064758,0.40254070548091764,0.7350702885838405,,,
2024-06-14,18.3,18.6,16.98,17.92,517500,12.030691073332486,11.592406599317254,11.360641481281045,14.166111830818252,12.758866402855634,1.4072454279626179,0.6034816499772577,0.8037637779853601,,,
2024-06-17,17.52,18.2,16.5,16.88,361000,12.22086005084886,11.697111419132755,11.415560471517054,14.583633087615443,13.064135558199663,1.51949752941578,0.7866848258649621,0.7328127035508178,,,
2024-06-18,16.54,17.22,16.54,16.92,228500,12.405140048854788,11.800534955387551,11.470331014089025,14.943074151059221,13.34975514648117,1.593319004578051,0.94801166160758,0.645307342970471,,,
2024-06-19,16.7,17.8,16.7,17.32,390500,12.597879654782052,11.909831292904629,11.528536675640378,15.308755050896265,13.643847357852934,1.6649076930433306,1.0913908678947302,0.5735168251486005,,,
2024-06-20,17.3,17.8,16.58,17.02,190500,12.771296138908246,12.01102275245107,11.58317810175341,15.572023504604532,13.893932738752715,1.6780907658518167,1.2087308474861476,0.46935991836566915,,,
2024-06-21,17.28,17.46,17.06,17.16,177500,12.943402172676551,12.11298269794709,11.638668866910091,15.81632758081922,14.135863646993254,1.6804639338259655,1.3030774647541112,0.37738646907185425,,,
2024-06-24,17.28,17.5,16.92,17.1,245500,13.106406009042177,12.211735515809522,11.69301047022442,16.013815645308572,14.355429302771533,1.6583863425370389,1.374139240310697,0.284247102226342,,,
2024-06-25,17.1,20.0,17.1,19.14,739500,13.343017538099346,12.348928871932106,11.767109868530644,16.49476708449187,14.709841947010679,1.7849251374811903,1.4562964197447956,0.3286287177363947,,,
2024-06-26,19.34,19.66,18.5,18.6,188500,13.549173713075842,12.47271245862652,11.83509882506268,16.81864907149312,14.998001802787666,1.8206472687054536,1.5291665895369273,0.29148067916852627,,,
2024-06-27,19.18,19.36,18.48,18.76,178500,13.753519841974828,12.597213202020054,11.90400331436554,17.117318445109564,15.276668335914506,1.8406501091950584,1.5914632934685538,0.2491868157265047,,,
2024-06-28,18.76,19.5,18.24,18.6,283440,13.94357788738758,12.716080267326587,11.97063014705842,17.345423299708095,15.52284105177269,1.8225822479354044,1.637687084361924,0.18489516357348035,,,
2024-07-02,18.6,18.6,16.1,17.04,193000,14.065006205529244,12.801702440250814,12.021071638132467,17.298435099753004,15.635223196085825,1.6632119036671789,1.642792048222975,0.020419855444203883,,,
2024-07-03,16.92,17.68,16.5,16.5,178500,14.160496158253586,12.874936055295352,12.065638089494334,17.175598930560234,15.699280737116503,1.4763181934437313,1.6094972772671263,-0.13317908382339505,,,
2024-07-04,16.4,17.48,16.4,16.98,171500,14.27106493636129,12.956224450239997,12.114537212981952,17.14550678739712,15.794148830663428,1.3513579567336933,1.5578694131604398,-0.2065114564267465,,,
2024-07-05,17.06,17.34,16.7,16.7,178000,14.366317291798103,13.030358619542174,12.160163708375167,17.076967281643718,15.861248917280951,1.2157183643627665,1.4894392034009052,-0.2737208390381387,,,
2024-07-08,16.86,17.26,16.7,16.96,234500,14.46803033917857,13.108173300343319,12.207923273465964,17.058972315236993,15.942637886371251,1.1163344288657413,1.4148182484938725,-0.2984838196281312,17.09,20.335119412286705,13.844880587713295
2024-07-09,16.98,17.82,16.8,17.82,183500,14.59948012979902,13.201476799346421,12.263764832933964,17.176053497508224,16.081701746640046,1.094351750868178,1.3507249489687336,-0.2563731981005557,17.425,19.17437131564457,15.675628684355432
2024-07-10,17.0,17.94,16.94,17.4,168000,14.709304438434351,13.28461587262669,12.31487165051671,17.210506805583883,16.179353469111152,1.0311533364727303,1.2868106264695331,-0.2556572899968028,17.445999999999998,19.18354309299079,15.708456907009205
2024-07-11,17.4,18.9,17.4,18.78,176500,14.86893955849575,13.393435360297447,12.379201285834952,17.451967297032517,16.371993952880697,1.0799733441518207,1.2454431700059907,-0.16546982585417003,17.604,19.219009597494704,15.988990402505294
2024-07-12,19.16,19.38,18.12,18.82,181500,15.023883105221408,13.50089208583611,12.44328883522963,17.662433866719823,16.553327734148795,1.1091061325710285,1.2181757625189984,-0.10906962994796987,17.621000000000002,19.2791182105025,15.962881789497503
2024-07-15,18.5,19.44,18.32,18.64,197000,15.165691610899,13.60265659898787,12.504947652789534,17.812828656455235,16.707896050137773,1.1049326063174618,1.1955271312786913,-0.09059452496122944,17.657,19.369881782260528,15.94411821773947
2024-07-16,18.64,19.22,17.9,18.9,182500,15.312135077138255,13.707554488116823,12.568580014453321,17.980085786231353,16.87027412049794,1.1098116657334138,1.1783840381696358,-0.06857237243622194,17.758000000000003,19.513398530248903,16.002601469751102
2024-07-17,18.9,19.04,18.14,18.84,184500,15.45048272117205,13.80918707251055,12.630982203364233,18.112380280657298,17.016179741201796,1.096200539455502,1.161947338426809,-0.06574679897130697,17.854,19.62551234824937,16.08248765175063
2024-07-18,18.5,19.16,18.48,19.0,225800,15.58967947720452,13.911975447312322,12.694355514773545,18.248937160556174,17.163129390001664,1.08580777055451,1.1467194248523493,-0.0609116542978394,17.938,19.75889648250525,16.117103517494748
2024-07-19,18.78,19.1,18.5,18.98,191500,15.7226332231965,14.012332369147721,12.756899240994704,18.361408366624456,17.297712398149688,1.063695968474768,1.1301147335768331,-0.06641876510206512,18.036,19.85969295661304,16.212307043386964
2024-07-22,18.72,20.7,18.72,20.6,320500,15.913902508561344,14.142781233124994,12.834940044566896,18.705807079451464,17.542326294583045,1.163480784868419,1.1367879438351502,0.026692841033268744,18.208,20.29818276712827,16.117817232871726
2024-07-23,20.65,20.9,19.02,19.08,359000,16.038063194500115,14.240547941379944,12.897079944620957,18.763375221074316,17.65622805053986,1.107147170534457,1.1308597891750116,-0.023712618640554517,18.307000000000002,20.365204071514775,16.24879592848523
2024-07-24,19.5,19.76,18.08,19.2,405500,16.162060716284426,14.338754912837768,12.95979556706254,18.83054826398596,17.770581528277646,1.059966735708315,1.1166811784816724,-0.056714442773357465,18.31,20.373220783144642,16.246779216855355
2024-07-25,19.5,20.8,19.02,20.55,422500,16.334136766626212,14.461749865058803,13.035319989280824,19.09507930029581,17.97646437803486,1.118614922260953,1.1170679272375286,0.001546995023424369,18.407500000000002,20.689068539404417,16.125931460595588
2024-07-26,20.35,24.95,20.35,24.0,1033000,16.634758854209498,14.650626105354668,13.144421282919822,19.84968248486569,18.42265220188413,1.4270302829815584,1.1790603983863346,0.24796988459522384,18.6695,22.010359021269828,15.32864097873017
2024-07-29,23.55,24.8,21.9,22.7,678200,16.872611448162065,14.810019647822891,13.239501668164403,20.28819287180943,18.73949277952234,1.5487000922870884,1.2529883371664854,0.295711755120603,18.8745,22.648259266301974,15.10074073369803
2024-07-30,22.7,23.55,22.45,22.65,450500,17.099175705096886,14.965266783509566,13.33313846748615,20.651547814607977,19.029159981039204,1.622387833568773,1.326868236446943,0.29551959712182985,19.154999999999998,23.16802130569973,15.141978694300265
2024-07-31,22.5,23.8,21.8,21.8,439500,17.283521755877402,15.100608035321258,13.417385845919123,20.82823276620675,19.234407389851114,1.5938253763556354,1.3802596644286815,0.21356571192695384,19.419999999999998,23.396536181150623,15.443463818849375
2024-08-01,22.35,22.65,20.25,22.35,424000,17.482207177215543,15.24416035145351,13.50626757879555,21.06235080217494,19.46519202763992,1.5971587745350213,1.4236394864499495,0.17351928808507178,19.6885,23.694836356323567,15.682163643676436
2024-08-02,23.45,23.45,21.35,22.9,541000,17.69466964085415,15.395761136573242,13.599737553135892,21.345066063378795,19.71962224781474,1.6254438155640543,1.4640003522727705,0.16144346329128378,19.9985,23.991349984660076,16.005650015339924
2024-08-05,22.65,22.9,19.98,20.8,423000,17.816447301997126,15.502775767532187,13.671381955592251,21.2612097459359,19.799650229458095,1.4615595164778057,1.4635121851137776,-0.001952668635971877,20.1905,23.9424833421805,16.438516657819502
2024-08-06,20.7,21.85,19.7,20.0,634000,17.902076819565867,15.59182971272957,13.734353279417205,21.067177477330375,19.81449095320194,1.2526865241284355,1.4213470529167092,-0.16866052878827364,20.299500000000002,23.89300233059615,16.705997669403853
2024-08-07,20.05,21.45,20.05,20.9,357500,18.019642434484854,15.696941995645815,13.80565324678619,21.041457865433394,19.894899030742536,1.1465588346908575,1.3663894092715387,-0.21983057458068123,20.4745,23.818368867046065,17.130631132953933
2024-08-08,21.0,22.35,21.0,22.15,496500,18.181617240975644,15.82472532246471,13.888681572688814,21.212002809212873,20.061943546983827,1.1500592622290462,1.3231233798630402,-0.17306411763399399,20.643,23.967918645621264,17.318081354378737
2024-08-09,22.25,22.95,22.2,22.6,363500,18.354887153094246,15.958889177465409,13.975361358035194,21.42554083856474,20.249947728688728,1.1755931098760115,1.2936173258656345,-0.11802421598962298,20.832,24.150659970530263,17.513340029469738
2024-08-12,22.55,22.7,21.75,21.75,410500,18.48802883336506,16.073564639297775,14.052720946512457,21.475457632631702,20.361062711748822,1.11439492088288,1.2577728448690837,-0.14337792398620364,20.9875,24.169379161753305,17.805620838246696
2024-08-13,22.0,22.75,22.0,22.15,478500,18.631635545782117,16.193890091984947,14.133290887343179,21.579233381457595,20.49357658495261,1.0856567965049848,1.2233496351962638,-0.13769283869127902,21.15,24.21879129300119,18.081208706998808
2024-08-14,22.2,22.7,21.4,21.4,336500,18.740198857712233,16.296981377292177,14.205596450653196,21.5516590150795,20.560719060141306,0.9909399549381952,1.1768676991446503,-0.18592774420645508,21.278,24.15849023605356,18.397509763946438
2024-08-15,22.0,22.75,21.1,21.65,350000,18.8543087064294,16.402981746058668,14.279670117810875,21.566788397374964,20.641406537167878,0.9253818602070858,1.1265705313571375,-0.20118867115005168,21.4105,24.096913780488755,18.724086219511243
2024-08-16,21.75,22.65,21.75,22.35,451500,18.9913946395106,16.520744483760478,14.359971907683404,21.687282490086506,20.767969015896185,0.9193134741903215,1.0851191199237744,-0.1658056457334529,21.579,24.048476867678637,19.109523132321364
2024-08-19,22.4,22.9,21.75,21.75,371000,19.099575241882732,16.624294097943437,14.433504525517401,21.696931337765506,20.840712051755727,0.8562192860097788,1.0393391531409755,-0.18311986713119666,21.6365,24.065337376194606,19.207662623805398
2024-08-20,22.0,22.25,21.05,21.2,391500,19.181944840240273,16.714902135607925,14.500832838696335,21.620480362724656,20.867325973847894,0.7531543888767622,0.9821022002881329,-0.22894781141137066,21.7425,23.88382552406211,19.60117447593789
2024-08-21,21.8,22.25,21.2,22.25,448000,19.3022607288583,16.82450803391272,14.57793897960483,21.717329537690095,20.969746272081384,0.7475832656087107,0.9351984133522485,-0.18761514774353782,21.895,23.698025235541607,20.091974764458392
2024-08-22,22.25,22.7,21.9,21.95,593500,19.40609364145209,16.92600292433029,14.65129282060379,21.75312499343008,21.042357659334616,0.7107673340954648,0.8903121975008919,-0.17954486340542708,21.964999999999996,23.65913694841942,20.270863051580573
2024-08-23,22.0,22.35,21.35,21.35,384500,19.482325263355932,17.013606826818798,14.71794662338385,21.691105763671608,21.065145980865385,0.6259597828062233,0.8374417145619583,-0.21148193175573493,21.8325,23.263330178602576,20.401669821397423
2024-08-26,21.8,21.8,20.65,21.3,359500,19.55360662557727,17.098485899555058,14.783439691807892,21.630935646183666,21.082542574875358,0.5483930713083076,0.7796319859112282,-0.23123891460292056,21.7625,23.153138342632577,20.371861657367422
2024-08-27,21.35,21.45,19.34,19.34,336500,19.545229895162475,17.142872317385653,14.828778600347118,21.278484008309256,20.95346534710681,0.3250186612024457,0.6887093209694718,-0.3636906597670261,21.597,23.28237354909821,19.911626450901792
2024-08-28,19.24,19.3,17.88,19.0,427000,19.523848330646302,17.179647122981976,14.870283290890928,20.92794800703091,20.808764210284085,0.11918379674682456,0.5748042161249424,-0.4556204193781178,21.457,23.48251820529955,19.431481794700453
2024-08-29,18.74,19.48,18.42,19.12,553500,19.50801114120919,17.218069952229857,14.912569029290022,20.649802159795385,20.683670565077854,-0.03386840528246893,0.45306969184346013,-0.48693809712592906,21.295499999999997,23.51613481914517,19.074865180854825
2024-08-30,18.92,19.78,18.92,19.4,624500,19.503775410181383,17.261276487829264,14.957220083724948,20.45752490444225,20.58858385655357,-0.1310589521113208,0.3362439630525039,-0.4673029151638247,21.1205,23.35934322809792,18.88165677190208
2024-09-02,19.5,19.64,19.24,19.42,844000,19.500490099978194,17.304023488070268,15.001625854036144,20.297905688374208,20.502022089401454,-0.20411640102724604,0.22817189023655396,-0.4322882912638,21.051499999999997,23.407592315678635,18.69540768432136
2024-09-03,19.5,19.98,18.7,19.38,1142500,19.495764998018267,17.345131933851054,15.045191765936282,20.15668942862433,20.418909342038383,-0.2622199134140537,0.13009352950643244,-0.39231344292048614,21.0205,23.44639756585061,18.594602434149387
2024-09-04,19.08,19.96,19.06,19.84,942000,19.509264409860688,17.39453526189361,15.092901300603584,20.10796797806674,20.376027168554057,-0.2680591904873175,0.050462985507682454,-0.318522175995,20.9675,23.44732963124484,18.48767036875516
2024-09-05,19.84,20.25,19.48,19.96,959500,19.526940315356345,17.44533654383631,15.141330143383648,20.08520367374878,20.345210341253757,-0.26000666750497814,-0.011630945094849666,-0.24837572241012848,20.857999999999997,23.31257613448838,18.403423865511613
2024-09-09,19.9,20.0,18.78,18.78,351000,19.49764853828355,17.471765523166283,15.177535813598736,19.88440310855666,20.22926883449422,-0.3448657259375594,-0.07827790126339161,-0.26658782467416775,20.667,23.14403936181885,18.18996063818115
2024-09-10,19.3,19.3,17.52,18.24,714000,19.448328987762626,17.48697808706398,15.20800809406044,19.63141801493256,20.08191558749465,-0.4504975725620888,-0.15272183552313107,-0.2977757370389577,20.4915,23.128925070025673,17.854074929974324
2024-09-11,18.2,19.0,17.3,17.48,659000,19.3711396156935,17.486839907122118,15.230614978696655,19.300430628019857,19.88918109953208,-0.588750471512224,-0.23992756272094967,-0.34882290879127437,20.258,23.086714195531236,17.429285804468762
2024-09-12,17.5,18.3,17.0,17.4,654500,19.29384002292121,17.485120305000887,15.25220089930664,19.00805668524757,19.704797314381555,-0.6967406291339842,-0.3312901760035566,-0.36545045313042757,20.058,23.09352697237233,17.02247302762767
2024-09-13,17.5,17.98,17.08,17.6,835500,19.227414923983126,17.487395150446414,15.275562084388167,18.791432579824868,19.548886402205145,-0.7574538223802776,-0.4165229052789008,-0.3409309171013768,19.8555,22.978296663249136,16.732703336750863
2024-09-16,17.5,17.82,16.76,17.0,510500,19.140065319121046,17.47774376132866,15.29272067061316,18.515827567544118,19.3600800020418,-0.8442524344976832,-0.5020688111226572,-0.34218362337502595,19.588,22.72677428306018,16.44922571693982
2024-09-17,17.0,18.06,16.76,17.4,706000,19.07182746346924,17.47620428090631,15.313688624139399,18.344161787921948,19.214888890779445,-0.8707271028574972,-0.5758004694696253,-0.29492663338787195,19.3705,22.482621302263126,16.258378697736873
2024-09-19,17.42,18.6,16.98,18.3,834000,19.041559719803782,17.492517067423016,15.343403165192738,18.337367666703187,19.1471193433143,-0.8097516766111141,-0.6225907108979231,-0.18716096571319107,19.2255,22.252210921115516,16.198789078884484
2024-09-20,18.3,19.36,18.14,18.6,603000,19.024243652360497,17.51444742252355,15.375807113797787,18.377772641056545,19.106591984550278,-0.7288193434937327,-0.6438364374170851,-0.0849829060766476,19.043,21.74049587580777,16.345504124192228
2024-09-23,18.6,19.1,17.94,18.16,432000,18.99035174442479,17.52723064187952,15.403510525600794,18.344269157817074,19.036474059768775,-0.6922049019517011,-0.6535101303240083,-0.03869477162769286,18.853500000000004,21.219646867800044,16.487353132199964
2024-09-24,18.26,18.58,17.9,18.48,689500,18.97033795052578,17.5460973618423,15.434122361166954,18.365150825845216,18.995253759045163,-0.6301029331999466,-0.648828690899196,0.018725757699249446,18.71,20.7830846581845,16.636915341815502
2024-09-25,18.5,18.96,18.32,18.64,342000,18.957383521093398,17.56775880022166,15.466021641155344,18.40743531417672,18.96893866578256,-0.5615033516058396,-0.6313636230405248,0.0698602714346852,18.576999999999998,20.27590670726792,16.878093292732075
2024-09-26,18.68,19.2,18.58,19.12,633000,18.963760637913264,17.59849624972222,15.50237963477569,18.517060650457225,18.98012839424311,-0.463067743785885,-0.5977044471895969,0.13463670340371192,18.566,20.24776573874007,16.884234261259927
2024-09-27,19.2,19.98,19.04,19.2,436000,18.97302492662255,17.630209195272275,15.539171877215733,18.622128242694576,18.99641517985473,-0.3742869371601536,-0.5530209451837083,0.17873400802355466,18.576,20.27030103582567,16.88169896417433
2024-09-30,19.3,19.98,18.84,19.0,983000,18.974082772637352,17.657333765662923,15.573607977939954,18.680262359203102,18.996680722087714,-0.3164183628846118,-0.505700428723889,0.1892820658392772,18.57,20.257388514835853,16.882611485164148
2024-10-02,19.0,20.0,18.86,20.0,586500,19.014314820769222,17.703723196045836,15.617651679651996,18.883298919325703,19.071000668599734,-0.18770174927403005,-0.44210069283391723,0.2543989435598872,18.6,20.364902263582874,16.83509773641713
2024-10-03,20.0,21.35,18.94,21.35,436500,19.105910317993956,17.775926697114233,15.674689971396752,19.262791393275595,19.239815433888644,0.02297595938695096,-0.3490853623897436,0.37206132177669454,18.6965,20.807341301471986,16.585658698528015
2024-10-04,21.0,34.5,21.0,33.8,331300,19.682149129053016,18.093235079349594,15.855041314964945,21.49928502507935,20.318347623970965,1.180937401108384,-0.04308080969011807,1.224018210798502,19.4175,26.33891567889113,12.49608432110887
2024-10-07,34.95,57.95,34.95,56.5,288500,21.12598641810976,18.853765077778313,16.259468764567284,26.884010405836374,22.998470022195335,3.8855403836410396,0.7426434289761135,3.142896954664926,21.2505,38.84177906094381,3.659220939056194
2024-10-08,61.2,61.2,39.55,51.25,403000,22.307320284066243,19.495274680198545,16.607633254472088,30.63262418955386,25.091175946477165,5.541448243076694,1.7024043917962297,3.839043851280464,22.815,44.708455186425006,0.9215448135749966
2024-10-09,51.45,66.5,42.5,52.8,543500,23.50311164547541,20.154774191481742,16.967756306666395,34.04298969885326,27.1436814319233,6.89930826692996,2.741785166822976,4.157523100106984,24.516,49.8993326417159,-0.8673326417159046
2024-10-10,59.0,62.9,48.55,58.2,300500,24.86377393388814,20.90814499957121,17.378027388192102,37.75945282210661,29.444149474003055,8.315303348103555,3.856488803079092,4.458814545024463,26.514,55.623969014068024,-2.5959690140680216
2024-10-14,58.2,58.2,50.0,54.95,127049,26.043625936480765,21.582241138193563,17.751877861941434,40.404152387936364,31.333471735188013,9.07068065274835,4.899327173012944,4.171353479735407,28.3875,59.672462442042345,-2.8974624420423503
2024-10-15,50.05,53.4,49.05,50.0,258000,26.98309158603054,22.144969036447158,18.07275469913605,41.880436635946154,32.7161775325815,9.164259103364657,5.752313559083286,3.4119455442813704,30.017500000000002,62.22613665230183,-2.191136652301825
2024-10-16,50.0,61.45,48.85,57.15,380900,28.16610760226464,22.838137966418504,18.46158301058743,44.229600230415976,34.52609030794583,9.703509922470147,6.542552831760658,3.1609570907094886,31.994999999999997,65.73147729090874,-1.7414772909087404
2024-10-17,50.85,59.45,50.85,51.95,366000,29.09880926492093,23.41461048193497,18.79480109008407,45.41735404112121,35.81675028513503,9.600603755986178,7.154163016605763,2.4464407393804155,33.74249999999999,67.81015731599402,-0.3251573159940264
2024-10-18,52.05,57.85,52.05,57.55,585500,30.214542234924032,24.09055878922339,19.18042495983448,47.283914957871794,37.42662063438429,9.857294323487501,7.694789277982111,2.16250504550539,35.75,70.45488438246122,1.0451156175387766
2024-10-21,57.5,60.0,56.0,58.6,662000,31.3276974413976,24.773914060723914,19.572659537348564,49.02485111819921,38.99501910591138,10.029832012287827,8.161797824843255,1.8680341874445716,37.765,72.86075615370042,2.6692438462995796
2024-10-22,60.0,60.0,54.95,57.95,670000,32.371709306440835,25.430866257541265,19.954523621554053,50.397950946168564,40.39909176473276,9.998859181435805,8.529210096161766,1.469649085274039,39.7325,74.7218594539826,4.743140546017408
2024-10-23,58.75,60.15,55.1,57.35,883000,33.35125011795296,26.062928311847376,20.3266179138769,51.467496954450326,41.65471459697478,9.812782357475548,8.785924548424521,1.0268578090510267,41.692,76.01251025261718,7.371489747382817
2024-10-24,60.0,64.0,55.45,57.15,869500,34.28453442705285,26.678513889830597,20.693019725679118,52.3417281922272,42.802513515717386,9.539214676509815,8.93658257404158,0.6026321024682346,43.6255,76.83655687869631,10.414443121303698
2024-10-25,56.0,59.1,56.0,58.75,904500,35.243964449521364,27.31359282270524,21.07169614631913,53.32761616265379,43.983808810849425,9.343807351804365,9.018027529594137,0.3257798222102277,45.631,77.37657033666274,13.88542966333726
2024-10-28,59.8,60.95,56.9,58.5,1237500,36.15596584365778,27.93114544007741,21.4441170801866,54.123367522245516,45.05908223226799,9.064285289977526,9.027279081670816,0.03700620830671042,47.6,77.34607537138305,17.85392462861695
2024-10-29,67.25,67.25,55.05,58.0,1122000,37.01259463410258,28.526568302650137,21.807857208741957,54.719772518823135,46.01766873358147,8.702103785241661,8.962244022384985,-0.26014023714332346,49.54,76.5602627670421,22.5197372329579
2024-10-30,56.5,59.7,56.35,58.0,1063500,37.83563013864757,29.11020061348875,22.16797803253557,55.22442290054265,46.90524882739025,8.319174073152396,8.833630032538467,-0.5144559593860709,51.489999999999995,74.7850767330782,28.194923266921787
2024-10-31,56.0,57.2,41.1,44.4,737500,38.09305640772022,29.41296891817214,22.389192181465564,53.559127069689936,46.71967484017616,6.839452229513775,8.434794471933529,-1.595342242419754,52.71,71.37645654643649,34.043543453563515
2024-11-01,44.0,51.0,43.55,44.0,929000,38.32470125447629,29.701821018802395,22.604225095082825,52.088492135891485,46.51821744460756,5.570274691283927,7.8618905158036085,-2.291615824519681,53.84250000000001,66.56214130783576,41.12285869216425
2024-11-04,44.4,46.0,42.4,45.0,1268600,38.586477675869375,30.00475525605383,22.827068626475036,50.99795488421587,46.40575689315515,4.592197991060722,7.207952010855031,-2.615754019794309,54.40250000000001,64.19190626391621,44.61309373608381
2024-11-05,44.6,46.05,44.45,45.3,602000,38.8497530611294,30.30763138959732,23.050679883923046,50.121346440490356,46.323848975143655,3.7974974653467015,6.525861101753366,-2.728363636406664,53.84250000000001,64.34341781702923,43.34158218297079
2024-11-06,42.0,46.45,42.0,45.4,668500,39.10662549010472,30.606490173961728,23.27306117861038,49.39498544964569,46.255415717725604,3.1395697319200835,5.84860282778671,-2.7090330958666264,53.55,64.63323057596483,42.466769424035164
2024-11-07,45.5,46.8,44.65,45.05,655500,39.33969900029669,30.89250026952684,23.489747137032168,48.7265261497002,46.166125664560745,2.5604004851394535,5.1909623592572585,-2.630561874117805,53.1625,64.84902536043121,41.4759746395688
2024-11-08,45.15,46.95,45.15,45.4,615000,39.57735786303016,31.179777491912443,23.70775960333036,48.21475289590016,46.109375615334024,2.105377280566138,4.573845343519034,-2.468468062952896,52.5225,64.43520225431668,40.609797745683316
2024-11-11,45.0,48.0,44.95,46.55,612000,39.850794809578,31.484138333656748,23.935045577426575,47.95863706576168,46.14201445864261,1.816622607119065,4.02240079623904,-2.2057781891199753,52.1025,64.23355415864597,39.971445841354026
2024-11-12,46.05,48.15,46.05,47.3,1061000,40.142920503320035,31.797323713188298,24.1675326861089,47.857308286413726,46.227791165409826,1.6295171210039001,3.5438240611920127,-1.9143069401881125,51.967499999999994,64.2483092160086,39.686690783991395
2024-11-13,47.3,49.5,46.9,47.5,1102000,40.43143342475846,32.10826779807566,24.399696539978464,47.80233778081161,46.32202885686095,1.480308923950659,3.1311210337437423,-1.6508121097930832,51.485,63.67134892000068,39.29865107999932
2024-11-14,47.3,48.5,47.1,47.75,1155500,40.71843603555225,32.41800506940089,24.632037867938877,47.794285814532905,46.427804497093476,1.3664813174394297,2.7781930904828798,-1.41171177304345,51.275,63.566358753205506,38.98364124679449
2024-11-15,47.3,48.75,47.25,47.75,948500,40.99418364200119,32.72160892941275,24.862067341889734,47.78747261229707,46.525744904716184,1.2617277075808886,2.4749000139024817,-1.2131723063215931,50.785,62.81525768635076,38.75474231364923
2024-11-18,47.75,47.75,15.46,15.94,7671000,40.011666636432516,32.38929984170161,24.773290552418196,42.887861441174444,44.2601341710335,-1.3722727298590556,1.7054654651501744,-3.07773819500923,48.652,67.55036776020623,29.75363223979378
2024-11-19,16.06,16.06,7.7,8.17,36651051,38.76297382716065,31.90970974582633,24.608083681249855,37.54665198868607,41.58679089910509,-4.040138910419017,0.556344590036336,-4.596483500455353,46.163,71.51720525277813,20.80879474722187
2024-11-20,7.9,10.94,7.62,9.66,57297551,37.621680735899446,31.46912143402779,24.459346530192644,33.25639783658052,39.221843425097305,-5.965445588516786,-0.7480134456742886,-5.2174321428424975,43.778499999999994,73.13078050765395,14.426219492346043
2024-11-21,9.95,14.6,9.95,14.04,82182125,36.69690894233476,31.12399031652229,24.355671440339982,30.300028938645053,37.35652168990491,-7.0564927512598565,-2.0097093067914025,-5.0467834444684545,41.623000000000005,72.99317570878434,10.252824291215678
2024-11-22,14.78,17.18,12.94,13.5,55289000,35.78722623871379,30.775000409264422,24.24765480909282,27.71540910193043,35.58937193509714,-7.873962833166711,-3.1825600120664648,-4.6914028211002465,39.3605,71.96611453185636,6.754885468143648
2024-11-25,14.06,15.1,11.68,12.58,21260700,34.87713893523482,30.414703371457204,24.13155874134065,25.386884624710365,33.884974013978834,-8.498089389268468,-4.245665887506865,-4.252423501761603,37.064499999999995,70.4143812441664,3.714618755833584
2024-11-26,12.02,13.5,10.86,11.2,10056500,33.948623682872665,30.034214195784784,24.002886515058655,23.20428699013954,32.20460556849892,-9.00031857835938,-5.1965964256773685,-3.8037221526820115,34.7245,68.43573876394937,1.0132612360506243
2024-11-27,11.2,11.2,9.22,9.79,10035000,33.00122667570119,29.633338667155382,23.861464758689912,21.140550530118073,30.54426441527678,-9.403713885158705,-6.038019917573636,-3.3656939675850692,32.314,65.91759587901277,-1.289595879012758
2024-11-28,9.99,10.52,9.03,9.36,8781500,32.07411974724232,29.23188641632062,23.717171577011406,19.32815814086914,28.97505964377479,-9.646901502905653,-6.7597962346400395,-2.8871052682656133,30.562,65.1030854490707,-3.9790854490706984
2024-11-29,9.36,9.6,8.85,8.88,5004000,31.164546423821054,28.82887876451229,23.569538028981444,17.72074919612004,27.48653670719888,-9.765787511078841,-7.3609944899278,-2.4047930211510407,28.806,64.00057765054162,-6.388577650541617
2024-12-02,8.9,9.47,8.52,9.25,6082000,30.305152446416308,28.441178194917985,23.427055063518942,16.41755701210157,26.13568213629526,-9.718125124193687,-7.832420616780978,-1.8857045074127088,27.0185,62.37265068984128,-8.335650689841277
2024-12-03,9.5,12.0,9.29,11.98,35003000,29.58651901714508,28.115214270266144,23.313154018110794,15.734855933316714,25.08711308916228,-9.352257155845566,-8.136387924593896,-1.21586923125167,25.3525,60.24092780923217,-9.53592780923217
2024-12-04,11.6,12.44,10.5,10.82,15935000,28.850577094904096,27.772734779765823,23.188844027880833,14.97872425126799,24.03028989737248,-9.05156564610449,-8.319423468896016,-0.7321421772084751,23.6235,57.7863876267801,-10.539387626780098
2024-12-05,10.92,12.32,10.92,11.34,17633500,28.16388779706472,27.44733409105759,23.070945082329782,14.418920520303683,23.090268423493036,-8.671347903189353,-8.389808355754685,-0.2815395474346687,21.938,55.01513929589446,-11.139139295894456
2024-12-06,11.6,11.6,10.32,10.32,8787000,27.46412749129748,27.1081789605416,22.944070006883717,13.788317363333885,22.144322614345402,-8.356005251011517,-8.383047734806052,0.02704248379453489,20.184,51.78611347362713,-11.41811347362713
2024-12-09,8.78,8.78,6.28,6.75,83839875,26.65180876614856,26.705046703897214,22.7829349819396,12.705499307436364,21.00400242069019,-8.298503113253824,-8.366138810495608,0.06763569724178353,18.194,47.8573520695151,-11.469352069515104
2024-12-10,7.03,7.18,6.0,6.29,69380500,25.853306461593714,26.30078835332499,22.618826176149156,11.718499413984617,19.91407631545388,-8.195576901469263,-8.33202642869034,0.1364495272210764,16.1435,43.013659117504425,-10.726659117504425
2024-12-11,6.27,6.77,6.1,6.58,55791000,25.097490521923373,25.910277692863108,22.459235865938716,10.927961042602368,18.92636695875359,-7.998405916151222,-8.265302326182518,0.26689641003129516,14.0975,37.05195653898185,-8.856956538981848
2024-12-12,6.56,6.71,6.35,6.38,30748000,24.363471285769517,25.523539520727205,22.29924346926271,10.22827472835585,17.997006443290363,-7.768731714934514,-8.165988203932917,0.39725648899840316,12.029,29.210563258330332,-5.152563258330332
2024-12-13,6.4,6.77,6.08,6.12,43465262,23.64804103926875,25.139311015366268,22.138255972056115,9.59623246245495,17.117228188231817,-7.520995725776867,-8.036989708301707,0.5159939825248401,9.947500000000002,15.393676181506354,4.50132381849365
2024-12-16,6.18,6.27,6.07,6.17,14719000,22.96262766517978,24.763681094269906,21.979367852931176,9.069119775923419,16.306322396510943,-7.237202620587524,-7.877032290758871,0.6398296701713466,9.459,14.396428075426229,4.521571924573769
2024-12-17,6.17,6.21,5.66,5.71,25482000,22.28605403125116,24.38638047854179,21.81748359568808,8.552332118089046,15.521409626399022,-6.969077508309976,-7.695441334269093,0.7263638259591172,9.336,14.512521612048694,4.1594783879513075
2024-12-18,5.73,6.35,5.57,6.23,48213536,21.65640485355504,24.02684819183799,21.662384256427504,8.195050253767654,14.833157061480575,-6.638106807712921,-7.4839744289578585,0.8458676212449374,9.1645,14.51119795294322,3.81780204705678
2024-12-19,6.15,7.07,6.09,6.32,138749500,21.054977212239155,23.67621753457387,21.509723716562554,7.906580983957246,14.202552834704235,-6.295971850746989,-7.2463739133156855,0.9504020625686964,8.7785,13.764012110105366,3.792987889894632
2024-12-20,6.48,6.87,6.0,6.06,67711000,20.466938890190562,23.327381543790228,21.355995122367904,7.622491601809978,13.599400772874292,-5.976909171064314,-6.992480964865411,1.0155717938010973,8.4065,13.02400268002167,3.7889973199783276
2024-12-23,6.1,6.1,5.61,5.63,34796500,19.88509814939878,22.976938344903292,21.19951755896126,7.31595443230075,13.009074789698419,-5.693120357397668,-6.732608843371863,1.0394884859741946,8.059,12.406007706458244,3.7119922935417557
2024-12-24,5.67,5.74,5.23,5.23,24492000,19.310388418049808,22.62551382322204,21.040616886732792,6.995038365792943,12.432847027498536,-5.437808661705593,-6.473648807038609,1.0358401453330162,7.7605,12.022839615751824,3.4981603842481777
2024-12-27,5.32,5.85,5.23,5.68,63761000,18.775863382047856,22.289959094049326,20.887774927660825,6.792724771055567,11.932636136572718,-5.139911365517151,-6.206901318734318,1.066989953217167,7.5550000000000015,11.802415684861494,3.3075843151385085
2024-12-30,5.78,5.88,5.34,5.46,28940000,18.253672661183234,21.956692577335478,20.734264729375646,6.587690190893172,11.453181607937701,-4.865491417044529,-5.938619338396361,1.0731279213518317,7.359999999999999,11.616129697272799,3.1038703027272003
2024-12-31,5.47,5.6,5.13,5.14,17160500,17.739410988195658,21.623688763922893,20.57909791614803,6.364968623063453,10.985538525868241,-4.620569902804789,-5.675009451278047,1.0544395484732583,7.173,11.473972448180467,2.8720275518195333
2025-01-02,5.19,5.26,4.83,4.94,21204688,17.237473302384064,21.293318689389768,20.42348500155949,6.14574268105369,10.537720857285407,-4.391978176231717,-5.418403196268781,1.0264250200370642,6.9575000000000005,11.2525058207187,2.6624941792813015
2025-01-03,4.99,5.02,4.59,4.63,19965500,16.74306258464351,20.963351982669177,20.266335897066366,5.912551499353122,10.100111904893895,-4.187560405540773,-5.1722346381231805,0.9846742325824076,6.590000000000001,10.32432724864969,2.8556727513503124
2025-01-06,4.62,4.76,4.54,4.63,14404000,16.268040522500627,20.639919270141075,20.110750465254764,5.715235884068026,9.69491843045731,-3.9796825463892844,-4.933724219776401,0.9540416733871169,6.2805,9.559490545885668,3.001509454114332
2025-01-07,4.66,5.09,4.62,4.88,47008000,15.821450698088839,20.32784166083135,19.959200709381584,5.586738055749867,9.33825780597899,-3.7515197502291233,-4.6972833258669455,0.9457635756378222,5.9575000000000005,8.325417861752733,3.589582138247268
2025-01-08,4.88,4.97,4.59,4.59,15445500,15.381001651104963,20.016201231903995,19.806273339138983,5.433393739480657,8.986535005536103,-3.5531412660554462,-4.468454913904646,0.9153136478491994,5.671,7.029836266813508,4.312163733186493
2025-01-09,4.63,4.77,4.58,4.59,9517500,14.957825115767514,19.710731900579162,19.65486763427193,5.303640856483633,8.660865745866762,-3.3572248893831285,-4.246208909000343,0.8889840196172143,5.563,6.90488076966908,4.2211192303309195
2025-01-10,4.62,4.62,4.12,4.12,20284000,14.532812366129573,19.402004536211255,19.50029183691599,5.121542263178458,8.324505320247,-3.2029630570685423,-4.037559738613983,0.8345966815454409,5.4545,6.89126685652464,4.01773314347536
2025-01-13,4.13,4.42,3.93,4.1,19334000,14.12368246941861,19.09899454539519,19.34705510222031,4.964381914997157,8.011579000228704,-3.047197085231547,-3.839487207937496,0.7922901227059493,5.3305,6.785277989937884,3.8757220100621153
2025-01-14,4.11,4.34,4.1,4.27,16276000,13.737263549049253,18.80535108905073,19.197034653442,4.857553928074517,7.734425000211763,-2.876871072137246,-3.6469639807774463,0.7700929086402004,5.225,6.666006592631597,3.7839934073684027
2025-01-15,4.32,4.46,4.15,4.24,18840500,13.3648218412434,18.516928295208142,19.048208437984865,4.762545631447669,7.47557870389978,-2.7130330724521112,-3.4601777991123797,0.7471447266602684,5.131,6.5714846406705405,3.6905153593294595
2025-01-16,4.29,4.6,4.27,4.37,22109500,13.012083729822091,18.236791101243625,18.902156612731286,4.702153995840335,7.24553583694424,-2.5433818411039057,-3.2768186075106853,0.7334367664067796,5.0409999999999995,6.434741726435622,3.6472582735643777
2025-01-17,4.39,4.39,4.27,4.31,8513500,12.670825544338873,17.96101305963484,18.756961024544907,4.641822611864899,7.028088737911333,-2.3862661260464346,-3.098708111217835,0.7124419851714006,4.970999999999999,6.3639379024234195,3.5780620975765793
2025-01-20,4.4,4.47,4.28,4.3,10048000,12.342557875933426,17.69049794954306,18.613110666091725,4.589234517731837,6.826008090658642,-2.236773572926805,-2.9263212035596293,0.6895476306328243,4.8745,6.169126973304577,3.5798730266954237
2025-01-21,4.34,4.35,4.11,4.2,10329500,12.023241880798782,17.423359376284782,18.4696966296132,4.529352284234632,6.631488972832076,-2.1021366885974446,-2.7614843005671923,0.6593476119697477,4.7684999999999995,5.910520577751461,3.6264794222485377
2025-01-22,4.21,4.23,4.07,4.07,7977500,11.711350042336086,17.15893641833855,18.32641606613446,4.458682702044689,6.441749048918589,-1.9830663468739003,-2.605800709828534,0.6227343629546338,4.669,5.683197219483368,3.654802780516631
2025-01-23,4.17,4.29,4.05,4.06,10648500,11.411297099499379,16.89955153876749,18.184461677416703,4.397346901730121,6.265323193443138,-1.867976291713017,-2.4582358262054305,0.5902595344924135,4.5905000000000005,5.535708442624063,3.6452915573759377
2025-01-24,4.09,4.23,4.06,4.17,10395000,11.127324664224894,16.647481211267145,18.04501429754191,4.362370455310103,6.110114068002907,-1.7477436126928039,-2.3161373835029053,0.5683937708101015,4.5375,5.451696368406599,3.623303631593401
2025-01-27,4.25,4.51,4.21,4.36,14676500,10.8619393832749,16.404164751638092,17.90884500104896,4.362005769877779,5.98047598889158,-1.6184702190138012,-2.1766039506050845,0.5581337315912833,4.471500000000001,5.2222136604643765,3.720786339535625
2025-01-28,4.36,4.37,4.12,4.12,316000,10.59754960353863,16.16091396447694,17.771642563227577,4.324774112973506,5.842662952677389,-1.5178888397038834,-2.0448609284248445,0.526972088720961,4.4045,5.0167899639940465,3.7922100360059527
2025-02-03,4.1,4.1,3.26,3.62,4696500,10.323920207321429,15.912579034487296,17.630830199414365,4.216347326362197,5.678021252479064,-1.461673926116867,-1.9282235279632491,0.46654960184638217,4.3285,4.934050163081344,3.722949836918656
2025-02-04,3.62,3.68,3.42,3.62,1528500,10.061021375661765,15.669161627863783,17.49141895364905,4.124601583844935,5.525575233776911,-1.4009736499319754,-1.8227735523569946,0.4217999024250192,4.2625,4.874770365123,3.6502296348770003
2025-02-05,4.0,4.75,3.86,4.75,93831625,9.852746027596597,15.452940605529847,17.364638665553038,4.220816724791868,5.468125216460103,-1.2473084916682344,-1.7076805402192425,0.4603720485510081,4.2685,4.8971899076713825,3.6398100923286183
2025-02-06,4.65,4.88,4.46,4.8,60674500,9.654599124553593,15.241991286608464,17.23961738529878,4.309921844054658,5.41863445968528,-1.1087126156306217,-1.5878869553015185,0.47917433967089673,4.277,4.929168689840175,3.6248313101598257
2025-02-07,4.99,5.16,4.6,4.7,59106000,9.460301119669138,15.033238983903345,17.11484507300725,4.36993386804625,5.36540227748637,-0.9954684094401207,-1.469403246129239,0.4739348366891183,4.268,4.8909478308878285,3.645052169112171
2025-02-10,4.71,4.76,4.52,4.6,22293000,9.269701075760544,14.826640192142882,16.990319251385287,4.405328657577596,5.30870581248738,-0.9033771549097844,-1.3561980278853483,0.45282087297556384,4.2685,4.892495993583173,3.644504006416828
2025-02-11,4.81,5.42,4.81,4.98,136390500,9.10147750416209,14.631657218041042,16.870813587192398,4.493739633334889,5.284357233784611,-0.7906176004497221,-1.2430819423982231,0.45246434194850105,4.288,4.972415078740854,3.603584921259147
2025-02-12,5.05,5.05,4.64,4.72,49464000,8.929654856940049,14.435386778079833,16.74990996940939,4.528548920514137,5.242552994245011,-0.7140040737308739,-1.1372663686647533,0.42326229493387935,4.318,5.022630399576859,3.61336960042314
2025-02-13,4.8,5.0,4.69,4.74,42237500,8.765354666471811,14.243398921088152,16.630408377673973,4.561079855819655,5.205326846523158,-0.6442469907035031,-1.0386624930725032,0.39441550236900014,4.35,5.070083328516804,3.629916671483195
2025-02-14,4.82,5.19,4.75,5.06,56861000,8.620046640335662,14.061549437502247,16.515279936105077,4.637836801078169,5.1945618949288495,-0.5567250938506803,-0.9422750132281387,0.3855499193774584,4.3895,5.171688596188819,3.607311403811181
2025-02-17,5.16,5.2,4.88,4.99,28203500,8.47769187012642,13.88191479517547,16.400600533755775,4.692015754758451,5.179409161971157,-0.4873934072127062,-0.8512986920250523,0.3639052848123461,4.427,5.247880015597791,3.6061199844022083
2025-02-18,5.04,5.07,4.71,4.82,23064000,8.33425297325872,13.702470937845263,16.285370677698506,4.711705638641766,5.152786261084405,-0.44108062244263824,-0.7692550781085695,0.3281744556659313,4.4495,5.287389610872355,3.611610389127644
2025-02-19,4.84,4.95,4.75,4.91,21166500,8.19996854293485,13.528362602442387,16.172182909761208,4.74221246346611,5.1348020935966705,-0.39258963013056025,-0.6939219885129677,0.30133235838240746,4.4795,5.337974810351371,3.6210251896486283
2025-02-20,4.94,4.94,4.58,4.58,21329500,8.058008992231521,13.351167303384122,16.0568378061815,4.717256699855939,5.09370564221914,-0.3764489423632007,-0.6304273792830143,0.2539784369198136,4.493499999999999,5.348936146072762,3.6380638539272363
2025-02-21,4.63,4.74,4.39,4.58,35060500,7.921616482732246,13.17748082212899,15.942640415075216,4.696140284493487,5.05565337242513,-0.35951308793164305,-0.5762445210127402,0.2167314330810971,4.5125,5.357837210826436,3.667162789173564
2025-02-24,4.66,4.75,4.45,4.49,15946000,7.787043287330982,13.005451498918514,15.828683794029692,4.664426394571413,5.013753122615862,-0.3493267280444492,-0.530860962419082,0.18153423437463279,4.5335,5.354335549917166,3.7126644500828343
2025-02-25,4.51,4.54,4.32,4.34,14217500,7.651865119200355,12.833858399930028,15.714368532397557,4.614514641560426,4.963845483903576,-0.34933084234315004,-0.49455493840389564,0.1452240960607456,4.547499999999999,5.344767207407788,3.750232792592211
2025-02-26,4.44,4.44,4.27,4.37,13439500,7.523164526290538,12.66625724349577,15.60148924351798,4.576897004397283,4.919856929540348,-0.34295992514306484,-0.4642359357517295,0.12127601060866466,4.5575,5.340465516487037,3.774534483512963
2025-02-27,4.4,4.47,4.14,4.2,16603000,7.392844348788948,12.498608585208725,15.488041589353623,4.518912849874624,4.866534194018841,-0.3476213441442164,-0.4409130174302269,0.09329167328601046,4.5495,5.343564858816843,3.7554351411831566
2025-02-28,4.24,4.48,4.11,4.15,26677500,7.2656739821697744,12.333289603323404,15.375225255131198,4.46215702681699,4.813457587054483,-0.351300560237493,-0.42299052599168013,0.07168996575418712,4.551,5.341920982151702,3.760079017848298
2025-03-03,4.17,4.48,4.15,4.27,27087352,7.148196571104293,12.173620502267495,15.264725501348797,4.432594407306683,4.773201469494891,-0.3406070621882078,-0.4065138332309857,0.06590677104277792,4.5835,5.26450734211006,3.9024926578899395
2025-03-04,4.35,4.44,4.22,4.3,12227500,7.036502587923733,12.01770722499487,15.15562375506672,4.41219526772104,4.738149508791566,-0.3259542410705265,-0.3904019147988939,0.0644476737283674,4.6175,5.155603149970156,4.079396850029844
2025-03-05,4.33,4.48,4.25,4.41,20027500,6.933502486436528,11.867059557173189,15.048702125663073,4.411857534225495,4.713842137769969,-0.301984603544474,-0.37271845254800995,0.07073384900353596,4.600499999999999,5.142255479905654,4.058744520094344
2025-03-06,4.46,4.63,4.41,4.56,22991500,6.8404239575566645,11.722365308516293,14.944336930382844,4.434648682806189,4.702446423861083,-0.2677977410548946,-0.3517343102493869,0.08393656919449227,4.5885,5.122626389544467,4.054373610455532
2025-03-07,4.58,4.58,4.38,4.5,15340000,6.7486426258877765,11.579348173694187,14.840413179831772,4.444702731605236,4.687450392463965,-0.24274766085872912,-0.32993698037125535,0.08718931951252623,4.5785,5.111389294326513,4.045610705673487
2025-03-10,4.52,4.53,4.26,4.28,11446500,6.65183311114708,11.434806625700244,14.735334441723994,4.419363849819815,4.6572688819110795,-0.23790503209126435,-0.3115305907152571,0.07362555862399278,4.5625,5.110838399173186,4.014161600826814
2025-03-11,4.14,4.32,4.14,4.27,8294500,6.558427891102096,11.292929266775486,14.631201760711814,4.396384796001382,4.6285822980658144,-0.23219750206443202,-0.2956639729850921,0.0634664709206601,4.526999999999999,5.054147038318358,3.9998529616816403
2025-03-12,4.27,4.35,4.17,4.19,8229500,6.465548365960838,11.152277202086863,14.527309205878861,4.364633288924247,4.59609472043131,-0.23146143150706333,-0.2828234646894864,0.05136203318242305,4.5005,5.039331142388616,3.9616688576113837
2025-03-13,4.2,4.25,4.05,4.08,7388000,6.3719974496486484,11.012232108976232,14.42335588044723,4.32084355216667,4.557865481880843,-0.23702192971417357,-0.27366315769442384,0.03664122798025027,4.4675,5.024164171658125,3.9108358283418756
2025-03-14,4.11,4.14,4.07,4.11,5842000,6.283291667309486,10.875554245432149,14.320735423925367,4.288406082602567,4.524690261000781,-0.23628417839821392,-0.2661873618351819,0.02990318343696796,4.42,4.926162029401488,3.913837970598512
2025-03-17,4.13,4.19,4.1,4.11,7020000,6.198064543101271,10.741582874235473,14.219136066473373,4.2609589929714025,4.4939724638896115,-0.233013470918209,-0.25955258365178735,0.02653911273357834,4.376,4.826217725115127,3.925782274884874
2025-03-18,4.15,4.18,4.12,4.14,5146000,6.1173561296463195,10.610858460884273,14.118846155364187,4.242349917129649,4.46775228137927,-0.22540236424962146,-0.25272253977135417,0.027320175521732715,4.3420000000000005,4.754048540839359,3.929951459160642
2025-03-19,4.17,4.17,4.07,4.08,6179500,6.03745981083666,10.481534530965773,14.018957138892901,4.21737300680201,4.439029890165991,-0.22165688336398137,-0.24650940848987962,0.02485252512589825,4.3005,4.63531188749483,3.9656881125051706
2025-03-20,4.11,4.15,3.74,3.78,20484000,5.948931975117576,10.348830876887241,13.917076968356653,4.150084851909393,4.390212861264807,-0.24012800935541367,-0.24523312866298644,0.005105119307572764,4.2605,4.640314428382936,3.8806855716170645
2025-03-21,3.83,4.47,3.76,4.11,92789500,5.8768169957012,10.225289671404326,13.81949411295012,4.143917951615641,4.3694563530229695,-0.22553840140732895,-0.24129418321185497,0.015755781804526026,4.237,4.592195720706007,3.881804279293993
2025-03-24,4.16,4.5,4.13,4.24,53333000,5.812628093908996,10.106769083851765,13.724175763567532,4.158699805213234,4.359866993539787,-0.20116718832655245,-0.23326878423479447,0.03210159590824202,4.2245,4.560266287777468,3.888733712222532
2025-03-25,4.31,4.31,3.95,3.98,21948500,5.740760325520409,9.985446923775491,13.627218790795716,4.1312075274881215,4.331728697722024,-0.2005211702339027,-0.22671926143461613,0.026198091200713425,4.2065,4.553963667176677,3.8590363328233237
2025-03-26,4.04,4.04,3.92,3.95,8811000,5.670534430401962,9.86593312330469,13.530928056558942,4.103329446336103,4.303452497890763,-0.2001230515546606,-0.22140001945862503,0.02127696790396444,4.1855,4.541560388147667,3.829439611852333
2025-03-27,3.95,3.98,3.85,3.89,7278000,5.6007095507783555,9.747597813932318,13.43499842415537,4.070509531515164,4.2728263869358925,-0.20231685542072864,-0.21758338665104576,0.015266531230317126,4.17,4.548470606530903,3.791529393469097
2025-03-28,3.95,3.95,3.79,3.79,8998000,5.529701333100773,9.629625579993064,13.339028290581686,4.027354218974369,4.237061469385085,-0.20970725041071603,-0.21600815940297982,0.006300908992263793,4.151999999999999,4.565211810102121,3.738788189897877
2025-03-31,3.86,4.12,3.86,3.9,24970000,5.465791476900743,9.516167647715973,13.24510761107341,4.0077612622090815,4.212093953134338,-0.20433269092525652,-0.2136730657074352,0.009340374782178668,4.1335,4.556927679784724,3.7100723202152754
2025-04-01,3.93,4.04,3.92,3.93,9855000,5.405564360159538,9.405550466573082,13.152419973152282,3.9957979910999923,4.191198104754017,-0.19540011365402465,-0.2100184752967531,0.01461836164272845,4.115,4.54004117448534,3.6899588255146596
2025-04-02,4.01,4.21,3.93,4.11,30676500,5.354757914663085,9.300688081096387,13.062445645061215,4.013367530930763,4.185183430327793,-0.17181589939703024,-0.20237796011680853,0.030562060719778295,4.1,4.502939201378918,3.6970607986210817
2025-04-03,4.11,4.11,3.9,3.9,15017500,5.297708584676298,9.193743762658833,12.971277031677522,3.9959263723260303,4.164058731784994,-0.16813235945896388,-0.1955288399852396,0.02739648052627572,4.067,4.41868736117166,3.715312638828341
2025-04-07,3.67,3.69,2.95,2.99,26835500,5.207210208806639,9.070897351517075,12.871960842307596,3.841168468891256,4.077091418319439,-0.2359229494281827,-0.20360766187382823,-0.03231528755435448,3.9915,4.5349804504376365,3.4480195495623627
2025-04-08,3.12,3.27,3.07,3.2,28835000,5.128496082971084,8.954641958417728,12.775722425966226,3.742527165984909,4.01212168362911,-0.2695945176442014,-0.21680503302790288,-0.05278948461629851,3.9375,4.5638824710254156,3.3111175289745844
2025-04-09,3.11,3.26,2.98,3.23,18674000,5.054045256187905,8.841282711716387,12.680740113270046,3.6636768327564613,3.954186744101028,-0.2905099113445666,-0.23154600869123565,-0.05896390265333096,3.8855000000000004,4.563393059418604,3.207606940581397
2025-04-10,3.44,3.44,3.32,3.33,16547000,4.986435638298183,8.732148400593289,12.587697923088255,3.6123419354093134,3.9079506889824334,-0.29560875357312,-0.24435855766761252,-0.05125019590550747,3.8425000000000002,4.546286189128432,3.138713810871568
2025-04-11,3.25,3.4,3.25,3.37,8610500,4.923046005423744,8.625967244145896,12.495979535793845,3.575058560730957,3.868102489798549,-0.29304392906759213,-0.2540956319476085,-0.038948297119983655,3.807,4.530632503421403,3.083367496578597
2025-04-14,3.41,3.51,3.39,3.4,8047000,4.863318711093402,8.522482744261819,12.40547227673122,3.548126474464656,3.833428231294953,-0.2853017568302971,-0.2603368569241462,-0.024964899906150917,3.7714999999999996,4.501822531494088,3.0411774685059116
2025-04-15,3.45,3.54,3.34,3.35,10964500,4.803972879285818,8.420057343385347,12.315368074972701,3.5176454783931703,3.7976187326805118,-0.27997325428734143,-0.26426413639678525,-0.01570911789055618,3.7335000000000003,4.468490476134174,2.9985095238658266
2025-04-16,3.35,3.6,3.27,3.32,23236000,4.745777864411864,8.319066108862865,12.225861924972975,3.4872384817172977,3.76223956729677,-0.27500108557947245,-0.2664115262333227,-0.008589559346149744,3.6925,4.423687390487518,2.9613126095124818
2025-04-17,3.29,3.37,3.27,3.27,7096000,4.687904222670222,8.21908460175667,12.136748870993145,3.4538171768377133,3.725777377126639,-0.27196020028892587,-0.26752126104444335,-0.00443893924448252,3.6519999999999997,4.38257785348856,2.921422146511439
2025-04-22,3.29,3.41,3.24,3.33,10373000,4.634653076683155,8.12227104528624,12.049119528993213,3.434768380401142,3.696460534376518,-0.2616921539753756,-0.2663554396306298,0.004663285655254201,3.6295,4.370566123910652,2.8884338760893487
2025-04-23,3.39,3.46,3.38,3.44,8712500,4.5878039364210705,8.02955280676572,11.963456648107709,3.4355732449548126,3.6774634577560352,-0.24189021280122258,-0.2614623942647484,0.019572181463525795,3.596,4.307123055460841,2.884876944539159
2025-04-24,3.49,3.49,3.36,3.41,5134000,4.541615546757499,7.938076513562438,11.878347626733504,3.431638899577149,3.657651349774107,-0.22601245019695781,-0.2543724054511903,0.02835995525423246,3.5545,4.20471457997185,2.90428542002815
2025-04-25,3.45,3.55,3.35,3.35,14580000,4.494885525316029,7.847223513293874,11.793488446367997,3.419079068872972,3.6348623609019506,-0.2157832920289784,-0.24665458276674793,0.030871290737769536,3.5229999999999997,4.1482711411923425,2.897728858807657
2025-04-28,3.36,3.39,3.24,3.24,5487000,4.445674328244812,7.755991364515777,11.70837910859319,3.3915284428925148,3.605613297131436,-0.2140848542389211,-0.24014063706118258,0.02605578282226148,3.4875,4.092045283670281,2.882954716329719
2025-04-29,3.28,3.28,3.23,3.23,2765500,4.398000825176388,7.666367773139227,11.62401712741316,3.3666779132167433,3.5777900899365145,-0.21111217671977123,-0.23433494499290033,0.023222768273129107,3.4544999999999995,4.039289705798576,2.8697102942014228
2025-04-30,3.26,3.29,3.24,3.28,3891000,4.354157655561628,7.579509005354291,11.540992081369248,3.3533428496449367,3.555731564756032,-0.20238871511109524,-0.22794569901653933,0.025556983905444086,3.429,3.997292178380092,2.8607078216199078
2025-05-02,3.31,3.34,3.24,3.33,516000,4.313994610245486,7.495360312178958,11.45929066762428,3.349751642007254,3.539010708107437,-0.18925906610018295,-0.22020837243326805,0.030949306333085097,3.4004999999999996,3.927091872333779,2.8739081276662204
2025-05-06,3.32,3.52,3.32,3.48,18096500,4.281288939255467,7.415848226789276,11.379894740583245,3.369789850929215,3.534639544543923,-0.16484969361470814,-0.20913663666955606,0.04428694305484793,3.378,3.8475359411248506,2.9084640588751496
2025-05-07,3.55,4.23,3.42,3.96,105086880,4.2686893730101545,7.347415588635033,11.306064942169481,3.46059141232472,3.5661477264295587,-0.10555631410483857,-0.18842057215661256,0.082864258051774,3.3705,3.795728174052473,2.945271825947527
2025-05-08,4.01,4.15,3.76,3.81,30093500,4.250701554460737,7.277367755196715,11.231477231302124,3.514346579659379,3.584210857805147,-0.06986427814576812,-0.1647093133544437,0.09484503520867557,3.3659999999999997,3.7700989977814854,2.961901002218514
2025-05-09,3.83,4.29,3.77,4.02,69667500,4.2416544346779625,7.2128654234106415,11.159721238950858,3.592139413557936,3.6164915350047657,-0.024352121446829855,-0.13663787497292093,0.11228575352609108,3.4175000000000004,3.8757084678484155,2.9592915321515854
2025-05-12,4.03,4.2,3.9,4.03,23902000,4.2333542607690235,7.149838385323301,11.088778739060801,3.6595025807028687,3.647121791671079,0.012380789031789519,-0.10683414217197884,0.11921493120376836,3.4590000000000005,3.9773010708150096,2.9406989291849914
2025-05-13,4.05,4.16,3.93,3.96,9924500,4.222634485836905,7.086673268782246,11.017845617279102,3.7057329529024274,3.6702979552509993,0.0354349976514281,-0.07838031420729746,0.11381531185872557,3.4955,4.045971615987581,2.945028384012419
2025-05-14,4.0,4.0,3.76,3.87,16464000,4.208805682470752,7.022976768410319,10.946722775316127,3.731004806302054,3.685090699306481,0.04591410699557308,-0.053521429966723356,0.09943553696229643,3.5225,4.090544892599144,2.954455107400855
2025-05-15,3.86,3.91,3.7,3.71,9518500,4.189244675315036,6.957373268045758,10.874715583521937,3.7277732976401996,3.6869358326911863,0.0408374649490133,-0.03464965098357602,0.07548711593258933,3.5394999999999994,4.1086212524655625,2.9703787475344363
2025-05-16,3.72,3.74,3.62,3.62,6235000,4.166921354714447,6.891286668678515,10.802529358810276,3.711192790310938,3.6819776228622096,0.02921516744872843,-0.021876687297115133,0.05109185474584356,3.5505000000000004,4.116908862932043,2.984091137067958
2025-05-19,3.68,3.68,3.56,3.58,5167500,4.143904831000155,6.825716635635376,10.730663395041018,3.691009284109255,3.6744237248724163,0.016585559236838687,-0.014184237990324368,0.030769797227163054,3.562,4.120949013782086,3.0030509862179136
2025-05-20,3.57,3.74,3.55,3.65,9071266,4.124536014098188,6.762831157702002,10.660209032901307,3.6847001634770615,3.6726145600670526,0.012085603410008972,-0.008930269710257701,0.021015873120266673,3.5785000000000005,4.127290488263021,3.0297095117369803
2025-05-21,3.66,3.7,3.65,3.68,5577000,4.107103229231593,6.701784996163348,10.590754216653533,3.6839770614036675,3.6731616296917156,0.010815431711951984,-0.004981129425815764,0.01579656113776775,3.599,4.130522341965002,3.0674776580349983
2025-05-22,3.72,3.72,3.52,3.52,7052000,4.0840795731832955,6.638779352674965,10.520398453303748,3.658749821187719,3.661816323788625,-0.00306650260090624,-0.004598204060833859,0.0015317014599276185,3.6084999999999994,4.127085576359349,3.0899144236406495
2025-05-23,3.54,3.55,3.42,3.43,6391488,4.058429393842775,6.57523916747348,10.449847224912668,3.6235575410049927,3.644644744248727,-0.021087203243734365,-0.007896003897413961,-0.013191199346320404,3.6079999999999997,4.127253310059704,3.0887466899402956
2025-05-26,3.43,3.84,3.39,3.63,34825500,4.041628241143058,6.516917599800737,10.381988048545377,3.624548688542686,3.6435599483784507,-0.019011259835764793,-0.010119055085084129,-0.008892204750680664,3.6189999999999998,4.1302690094343255,3.1077309905656736
2025-05-27,3.59,3.64,3.52,3.54,8341500,4.021956545411958,6.457968736438347,10.313908565475273,3.6115411979976573,3.635888841091158,-0.024347643093500793,-0.012964772686767462,-0.01138287040673333,3.6285000000000003,4.126306187193325,3.1306938128066757
2025-05-28,3.58,3.61,3.43,3.47,5574500,4.00031119068992,6.398801038687092,10.245809972783977,3.5897656290749405,3.6236007787881093,-0.03383514971316881,-0.017138848092047732,-0.01669630162112108,3.6399999999999997,4.111296085288169,3.16870391471183
2025-05-29,3.53,3.54,3.46,3.54,4731500,3.9822597714471777,6.342191117128932,10.179085495442843,3.5821093784480267,3.617408128507509,-0.03529875005948213,-0.02077082848553461,-0.01452792157394752,3.655500000000001,4.090860769945974,3.2201392300540275
2025-05-30,3.56,3.59,3.47,3.48,5187500,3.9625633098217987,6.285514065304596,10.11242792832401,3.5664002433021764,3.607229748618064,-0.04082950531588736,-0.024782563851605162,-0.016046941464282198,3.6655,4.074277445571486,3.2567225544285145
2025-06-02,3.46,3.46,3.35,3.36,812000,3.938933376103297,6.227583093714406,10.045239590728748,3.534646359717226,3.5889164339056143,-0.05427007418838814,-0.03068006591896176,-0.02359000826942638,3.6669999999999994,4.071034651989094,3.262965348010905
2025-06-03,3.53,3.53,3.39,3.39,6262000,3.9174065770404227,6.171393329482437,9.979018301268761,3.512393073606884,3.5741818832459393,-0.06178880963905531,-0.03690181466298047,-0.02488699497607484,3.6625,4.076643694878903,3.2483563051210975
2025-06-04,3.48,3.49,3.39,3.44,5870000,3.898684750489818,6.117306332859022,9.91395344254967,3.5012556776673636,3.564242484486981,-0.06298680681961732,-0.042118813094307844,-0.02086799372530948,3.6364999999999994,4.037761759962189,3.23523824003781
2025-06-05,3.46,3.54,3.45,3.48,6173500,3.8822657406666883,6.065082445079636,9.84993400531037,3.497985573410846,3.5580023004509083,-0.060016727040062445,-0.04569839588345877,-0.014318331156603678,3.6199999999999997,4.018497176913408,3.2215028230865905
2025-06-06,3.48,3.75,3.46,3.52,24811000,3.8680592410327006,6.014684772899841,9.786949587347085,3.501372408270716,3.555187315232322,-0.05381490696160629,-0.047321698099088275,-0.006493208862518016,3.5949999999999998,3.950387112889538,3.2396128871104617
2025-06-09,3.53,3.67,3.53,3.62,10450000,3.8583314276588694,5.967265272446379,9.72558690488592,3.519622806998298,3.559988254844743,-0.0403654478464448,-0.045930448048559586,0.005565000202114784,3.5744999999999996,3.869286363334474,3.2797136366655253
2025-06-10,3.63,3.77,3.57,3.73,17154000,3.8532988226526395,5.922962989823677,9.665929323742779,3.55198852899856,3.572581717448836,-0.02059318845027569,-0.04086299612890281,0.02026980767862712,3.563,3.810959674156841,3.3150403258431593
2025-06-11,3.76,3.9,3.72,3.79,12865000,3.850816515881948,5.880726098936079,9.607462365297577,3.588605678383397,3.5886867754155887,-8.109703219183473e-05,-0.032706616309560614,0.03262551927736878,3.5589999999999997,3.7889478201852915,3.329052179814708
2025-06-12,3.77,3.78,3.7,3.73,7904500,3.846078613298342,5.838137463313582,9.548980152707552,3.610358650939797,3.5991544216811007,0.011204229258696241,-0.023924447195909245,0.03512867645460549,3.56,3.7927230113417387,3.3272769886582614
2025-06-13,3.72,3.72,3.5,3.5,13386500,3.8325069029729173,5.791837711564798,9.488791295466681,3.593380396949059,3.5918096497047225,0.001570747244336701,-0.01882540830786006,0.02039615555219676,3.554,3.7864134247584853,3.3215865752415143
2025-06-16,3.51,3.65,3.46,3.58,7121000,3.8226046714837834,5.748038944999159,9.429997352228208,3.5913218743415114,3.590934860837706,0.00038701350380554445,-0.014982923945526938,0.015369937449332483,3.554,3.7864134247584853,3.3215865752415143
2025-06-17,3.61,3.65,3.51,3.54,5361000,3.811522135347164,5.7043154015338295,9.371390413400066,3.5834262013658944,3.5871619081830612,-0.0037357068171668395,-0.01273348051985492,0.00899777370268808,3.5484999999999998,3.776734528518296,3.3202654714817035
2025-06-18,3.57,3.82,3.51,3.66,15835500,3.8055800908237463,5.66383390843415,9.314560658042852,3.595206785771141,3.5925573223917233,0.002649463379417849,-0.009656891740000366,0.012306355119418215,3.5475000000000003,3.7735862667389806,3.32141373326102
2025-06-19,3.65,3.69,3.44,3.48,8798000,3.792812244124776,5.620589672623573,9.256505328112079,3.577482664883273,3.584219742955299,-0.006737078072025948,-0.009072929006405482,0.0023358509343795342,3.5455000000000005,3.7732257122240918,3.3177742877759093
2025-06-20,3.48,3.65,3.3,3.32,85183000,3.774270587492432,5.575033441482512,9.197435623354746,3.5378699472089234,3.5646479101437953,-0.02677796293487189,-0.012613935792098765,-0.014164027142773126,3.54,3.783392686841595,3.2966073131584053
2025-06-23,3.32,3.41,3.19,3.24,8819500,3.753318799747631,5.528795155512562,9.138157656953206,3.492043801484474,3.5405999167998106,-0.048556115315336434,-0.0198023716967463,-0.028753743618590136,3.5205000000000006,3.7927113149888787,3.2482886850111226
2025-06-24,3.28,3.36,3.26,3.36,8938500,3.737894533090861,5.4858487167895404,9.080663550913872,3.471729370486863,3.5272221451850094,-0.05549277469814662,-0.026940452297026365,-0.028552322401120253,3.5115000000000003,3.79230420226196,3.2306957977380404
2025-06-25,3.39,3.39,3.33,3.33,8400000,3.721898669048082,5.443158643189747,9.023443018068958,3.4499248519504224,3.512613097393527,-0.06268824544310458,-0.03409001092624201,-0.028598234516862574,3.5045,3.7958743296997475,3.213125670300253
2025-06-26,3.36,3.36,3.21,3.24,16115000,3.703000682026589,5.399531739364208,8.965896321371755,3.417628720881127,3.492419534623636,-0.07479081374250907,-0.04223017148949543,-0.03256064225301364,3.4894999999999996,3.8021323719770224,3.176867628022977
2025-06-27,3.25,3.88,3.24,3.48,119778000,3.694255557241233,5.361521209871847,8.91131028832328,3.4272243022840305,3.491499569095959,-0.06427526681192841,-0.046639190553982024,-0.017636076257946387,3.4895000000000005,3.8021323719770233,3.1768676280229777
2025-06-30,4.0,7.03,4.0,4.81,907165250,3.738010241270988,5.350599997795176,8.870501230728024,3.6399590250095644,3.5891662676814433,0.05079275732812105,-0.027152800977561408,0.07794555830568246,3.5620000000000003,4.211695313210713,2.9123046867892874
2025-07-02,4.65,5.05,4.3,4.46,120210130,3.7663235651427143,5.33296435427448,8.826615646342672,3.7661191750080927,3.6536724700754104,0.11244670493268227,0.0007671002044873296,0.11167960472819494,3.6155,4.367842342293691,2.863157657706309
2025-07-03,4.47,4.51,3.98,4.08,83245125,3.7786246018037843,5.3081531789423115,8.779385639911402,3.8144085326991553,3.6852522871068616,0.12915624559229366,0.026444929282048595,0.10271131631024506,3.6475,4.421395987848465,2.873604012151535
2025-07-04,4.12,4.28,3.94,3.98,70475125,3.786521676242852,5.281853115992959,8.73163055891726,3.8398841430531316,3.707085451024872,0.13279869202825978,0.04771568183129084,0.08508301019696894,3.6725000000000003,4.45538888100927,2.8896111189907305
2025-07-07,4.06,4.21,3.94,4.14,67929188,3.800383571292152,5.259242163201019,8.685942692659378,3.88605581335265,3.7391531953934,0.14690261795924986,0.06755306905688264,0.07934954890236721,3.7035000000000005,4.508565835822103,2.898434164177898
2025-07-08,4.21,4.54,4.12,4.38,123570500,3.823113627319911,5.241831427296049,8.643097491737393,3.9620472266830116,3.786623329067963,0.1754238976150484,0.0891272347685158,0.08629666284653259,3.7415,4.597356880563528,2.8856431194364713
2025-07-09,4.4,4.83,4.22,4.72,141672000,3.8582856419348164,5.231498131706028,8.604061695799707,4.078655345654855,3.8557623417295956,0.22289300392525968,0.11588038859986459,0.10701261532539509,3.7909999999999995,4.747115055842091,2.834884944157908
2025-07-10,5.0,7.16,4.94,5.66,995851320,3.9289411069569806,5.239983317216799,8.574767549572844,4.3219391386310315,3.9894095756755514,0.3325295629554801,0.15921022347098768,0.1733193394844924,3.8845,5.140612654186681,2.628387345813319
2025-07-11,5.79,6.04,5.43,5.46,193734500,3.988982632174354,5.244340083212506,8.543774837636796,4.497025424995488,4.098342199699585,0.39868322529590383,0.20710482383597092,0.1915784014599329,3.971,5.399130246163806,2.542869753836194
2025-07-14,5.54,6.45,5.43,5.79,241265940,4.059610764245948,5.255145230079585,8.516374092983694,4.6959445903807975,4.223650184907022,0.4722944054737752,0.2601427401635318,0.21215166531024343,4.085500000000001,5.699346027354492,2.471653972645509
2025-07-15,5.92,6.23,5.66,6.02,120308000,4.136488773491204,5.27029086908791,8.491534549769927,4.899645422629906,4.356713134173169,0.5429322884567371,0.3167006498221729,0.22623163863456425,4.2075000000000005,6.008142940731964,2.406857059268037
2025-07-16,6.05,6.42,5.87,6.31,131857250,4.221724507864098,5.290879168709932,8.46982773832943,5.116623049917613,4.501401050160341,0.6152219997572717,0.37640491980919266,0.238817079948079,4.346,6.336119594398243,2.355880405601757
2025-07-17,6.47,6.75,6.11,6.24,108515750,4.300872566379232,5.309673640616666,8.447640397649536,5.289450273007211,4.630186157555872,0.6592641154513394,0.432976758937622,0.22628735651371745,4.475,6.600403491106524,2.3495965088934745
2025-07-18,6.28,6.35,6.02,6.06,51493000,4.3698579559329875,5.324531588327226,8.423882781752527,5.407996384852256,4.736098294033215,0.6718980908190408,0.4807610253139058,0.19113706550513504,4.604,6.784645775913131,2.423354224086869
2025-07-21,5.93,6.02,5.56,5.7,60960500,4.422020389033655,5.331966606380153,8.396779470491307,5.452920017951909,4.807498420401125,0.6454215975507838,0.5136931397612814,0.13172845778950237,4.723000000000001,6.869877732896721,2.5761222671032806
2025-07-22,5.68,5.84,5.4,5.45,37311500,4.462333314953904,5.3343039013033176,8.3674582817302,5.4524707844208455,4.855091130001042,0.5973796544198038,0.5304304426929859,0.06694921172681789,4.833499999999999,6.889245850052418,2.7777541499475804
2025-07-23,5.51,6.35,5.4,6.17,161121500,4.529300635936104,5.350852338901271,8.345593025195571,5.562859894509947,4.952491787038002,0.6103681074719445,0.5464179756487777,0.06395013182316678,4.973999999999999,6.991457806252145,2.9565421937478544
2025-07-24,6.03,6.07,5.62,5.66,186537500,4.573641787468021,5.356974074764612,8.318870706536908,5.577804526123801,5.0048998028129645,0.5729047233108364,0.5517153251811895,0.02118939812964693,5.0905000000000005,6.979790607611148,3.2012093923888534
2025-07-25,5.72,5.75,5.42,5.52,65537500,4.610753874233981,5.360202310907887,8.291021246770372,5.568911522104755,5.043055372974967,0.5258561491297877,0.5465434899709092,-0.02068734084112145,5.2045,6.8984477559853135,3.5105522440146872
2025-07-28,5.57,5.74,5.48,5.61,49047000,4.649939996813041,5.365148799800799,8.2643444184443,5.575232826396331,5.085051271273118,0.49018155512321293,0.5352711030013699,-0.045089547878157,5.311,6.815059839237674,3.806940160762326
2025-07-29,5.69,5.69,5.4,5.58,37583500,4.68641293811449,5.369403279012665,8.23763452373341,5.575966237719972,5.121714140067701,0.4542520976522706,0.51906730193155,-0.06481520427927945,5.3495,6.839647308157033,3.8593526918429673
2025-07-30,5.48,5.73,5.45,5.51,30642000,4.7187104699531375,5.372187372497562,8.210493881706213,5.565817585763053,5.150476055618242,0.41534153014481134,0.4983221475742023,-0.08298061742939095,5.402,6.836023709709028,3.9679762902909723
2025-07-31,5.56,5.56,5.24,5.28,34459000,4.740721824072622,5.370361879972858,8.18133473860466,5.521845649491815,5.160070421868743,0.3617752276230721,0.47101276358397626,-0.10923753596090413,5.462000000000001,6.764099842564937,4.1599001574350645
2025-08-01,5.35,5.52,5.01,5.07,46212000,4.753634693716834,5.364414119973395,8.150376183991678,5.452330934185382,5.153398538767354,0.29893239541802785,0.4365966899507866,-0.13766429453275875,5.5165,6.64568156202075,4.38731843797925
2025-08-04,5.07,5.08,4.83,4.89,28545000,4.758982352786762,5.35501978096402,8.117934629922111,5.365818482772246,5.133887535895698,0.23193094687654803,0.39566354133593895,-0.16373259445939092,5.554,6.538365785675028,4.569634214324973
2025-08-05,4.87,4.99,4.81,4.93,22360000,4.7656889271872815,5.346603547677604,8.086213887335822,5.298769485422669,5.11878475545898,0.17998472996368964,0.35252777906148913,-0.1725430490977995,5.5815,6.45795364966301,4.70504635033699
2025-08-06,4.96,4.96,4.66,4.75,37537500,4.765073675140722,5.334789616040423,8.053017729252879,5.214343410742258,5.091467366165722,0.122876044576536,0.3065974321644985,-0.18372138758796247,5.583,6.453634251570434,4.7123657484295665
2025-08-07,5.16,5.43,5.01,5.19,154069500,4.781737452586183,5.331922494930711,8.024529990653349,5.210598270628065,5.098766079783076,0.1118321908449893,0.26764438390059664,-0.15581219305560734,5.559500000000001,6.445783814591926,4.673216185408076
2025-08-08,5.22,5.26,4.93,4.93,39682500,4.7875516701318235,5.323963633644954,7.993738647462769,5.1674293059160545,5.086264888688032,0.08116441722802215,0.23034839056608175,-0.1491839733380596,5.5329999999999995,6.46034243945137,4.605657560548629
2025-08-11,4.92,4.99,4.81,4.87,20455000,4.790784937969792,5.314974254760895,7.962656670871101,5.1216709511597385,5.070245267303734,0.05142568385600477,0.1945638492240664,-0.14313816536806162,5.487,6.449394929333913,4.524605070666087
2025-08-12,4.88,5.29,4.85,5.09,58501500,4.802518861970976,5.310519319023055,7.934073022404722,5.1167984971351625,5.07170858083679,0.045089916298372223,0.16466906263892758,-0.11957914634055536,5.4405,6.385094622050981,4.495905377949019
2025-08-13,5.09,5.24,5.01,5.03,35753000,4.811439690913291,5.304964481022599,7.905176773425572,5.103444882191292,5.068619056330362,0.034825825860930415,0.13870041528332816,-0.10387458942239775,5.3765,6.247344991951866,4.505655008048134
2025-08-14,5.34,5.53,5.18,5.26,79354500,4.829030291269633,5.304074095259775,7.878856606525815,5.127530284931093,5.082795422528113,0.04473486240298019,0.11990730470725856,-0.07517244230427837,5.3275,6.103615326486763,4.551384673513236
2025-08-15,5.34,5.34,5.12,5.23,38657500,4.844754593572785,5.3026072814922545,7.852499824371329,5.143294856480156,5.093699465303809,0.04959539117634737,0.10584492200107634,-0.05624953082472897,5.286,5.986039998862681,4.585960001137318
2025-08-18,5.27,5.51,5.19,5.45,64861000,4.868489707550323,5.305525949185476,7.828594353482063,5.190480263175516,5.120092097503527,0.07038816567198936,0.09875357073525895,-0.028365405063269594,5.2735,5.952124343807136,4.5948756561928645
2025-08-19,5.54,5.6,5.28,5.38,52119000,4.888548934705212,5.307000682864972,7.804230230561844,5.219637145763898,5.139344534725488,0.08029261103841012,0.09506137879588919,-0.014768767757479068,5.2700000000000005,5.94566263771772,4.594337362282281
2025-08-20,5.39,5.41,5.08,5.13,31976500,4.898017603932459,5.303495718847843,7.777620974536353,5.2058468156463755,5.138652346968045,0.06719446867833057,0.08948799677237748,-0.022293528094046916,5.218,5.7543058828762526,4.681694117123747
2025-08-21,5.2,5.25,4.95,5.01,26489500,4.902409070444912,5.297683922435014,7.750082457376787,5.175716536316164,5.129122543488931,0.04659399282723342,0.08090919598334867,-0.03431520315611525,5.185499999999999,5.688470178050032,4.6825298219499665
2025-08-22,5.05,5.2,4.98,5.13,25774000,4.911334204937268,5.294363448723429,7.724011985164083,5.168683223036755,5.129187540267528,0.03949568276922655,0.07262649334052425,-0.0331308105712977,5.1659999999999995,5.645266105632023,4.686733894367976
2025-08-25,5.08,5.2,5.05,5.07,24448500,4.917556392978945,5.289920608154648,7.697603905709714,5.153501188723408,5.12480327802549,0.02869791069791816,0.06384077681200304,-0.035142866114084875,5.139,5.57396666539827,4.70403333460173
2025-08-26,5.1,5.16,4.96,5.0,19497000,4.920789475607222,5.284179606012971,7.6707620758021555,5.129885621227499,5.115558590764342,0.014327030463156198,0.05393802754223367,-0.03961099707907747,5.11,5.498329756788862,4.721670243211139
2025-08-27,5.08,5.14,4.88,4.92,20414157,4.920758515779489,5.27696812866618,7.643391308878751,5.097595525654038,5.101072769226243,-0.0034772435722052464,0.04245497331934589,-0.045932216891551136,5.0805,5.430555709863018,4.730444290136981
2025-08-28,4.94,5.15,4.82,5.13,30401000,4.928964064180293,5.274057868692592,7.618382440133689,5.102580829399571,5.103215527061336,-0.0006346976617654931,0.033837039123123615,-0.03447173678488911,5.073,5.411886411659871,4.73411358834013
2025-08-29,5.2,5.2,5.06,5.1,17779500,4.935671355781066,5.270611178223431,7.593323908391066,5.102183778722714,5.102977339871607,-0.0007935611488933958,0.026910919068720212,-0.027704480217613608,5.0745,5.41358553494318,4.735414465056819
2025-09-01,5.15,5.17,4.93,4.97,16238500,4.937017577122986,5.264658481624947,7.567221182934438,5.081847812765374,5.093127166547784,-0.011279353782410517,0.01927286449849407,-0.030552218280904587,5.0785,5.410600888297068,4.746399111702932
2025-09-02,4.98,4.99,4.8,4.82,16761000,4.932428652529928,5.255853363176928,7.539885648775887,5.041563533878394,5.072895524581282,-0.03133199070288839,0.00915189345821758,-0.040483884161105974,5.073,5.418143448449632,4.727856551550369
2025-09-03,4.85,4.94,4.73,4.74,15305000,4.9248824308620875,5.245638445094216,7.5120260900816,4.995169144050949,5.048236596834521,-0.053067452783571945,-0.0032919757901403255,-0.04977547699343162,5.0725,5.419537461965856,4.725462538034144
2025-09-04,4.83,4.83,4.5,4.51,17944500,4.908612531612594,5.231071347171558,7.482155183712629,4.92052773727388,5.008367219291223,-0.08783948201734315,-0.02020147703558089,-0.06763800498176226,5.0385,5.458417849117788,4.618582150882212
2025-09-05,4.53,4.63,4.47,4.63,18670500,4.897686549980728,5.2191689442572695,7.45377553014335,4.875831162308668,4.980340017862243,-0.10450885555357559,-0.03706295273917983,-0.06744590281439575,5.0235,5.477868792950961,4.56913120704904
2025-09-08,3.94,3.94,2.6,3.41,55606500,4.839345900961876,5.183343816648215,7.413538957704112,4.6503186757996415,4.864018535057633,-0.21369985925799106,-0.07239033404294208,-0.14130952521504897,4.9505,5.787816547076269,4.113183452923731
2025-09-09,3.41,3.42,3.09,3.12,19670500,4.77192057151239,5.14248552324924,7.37081717703044,4.414885033368928,4.734831976905215,-0.31994694353628716,-0.1219016559416111,-0.19804528759467604,4.851999999999999,6.004624830553178,3.699375169446821
2025-09-10,3.12,3.2,3.06,3.18,9464500,4.709492313806022,5.1036244237789585,7.329117503627152,4.224902720542939,4.6196592378752,-0.3947565173322607,-0.17647262821974102,-0.21828388911251967,4.7595,6.118580203670026,3.400419796329974
2025-09-11,3.18,3.18,3.0,3.01,10790500,4.6428455564018645,5.062166514397196,7.286141210058722,4.0379946096901795,4.500425220254814,-0.46243061056463475,-0.23366422468871978,-0.22876638587591497,4.647,6.182748677358305,3.111251322641696
2025-09-12,3.03,3.13,3.01,3.02,7104500,4.579204554190026,5.021727573518044,7.243692043789482,3.8813800543532286,4.390764092828531,-0.5093840384753028,-0.2888081874460364,-0.22057585102926636,4.5365,6.201171439055708,2.8718285609442926
2025-09-15,3.01,3.01,2.84,2.89,10795500,4.512961238339437,4.979515146319667,7.200371724945806,3.7288600459911936,4.2795963822486405,-0.5507363362574469,-0.34119381720831854,-0.20954251904912835,4.4085,6.163746706308781,2.653253293691219
2025-09-16,2.96,2.99,2.89,2.97,5766500,4.452452954482988,4.939722767184623,7.158278473951321,3.6121123466079332,4.182589242822815,-0.5704768962148821,-0.38705043300963127,-0.1834264632052508,4.288,6.0901942181706845,2.485805781829316
2025-09-17,3.0,3.0,2.83,2.89,6830500,4.391180289601302,4.8991341975374025,7.115808041374692,3.5010181394374817,4.086841891502607,-0.5858237520651248,-0.42680509682073003,-0.1590186552443948,4.176,6.032560260268399,2.3194397397316013
2025-09-18,2.95,2.98,2.78,2.83,6623750,4.32995753314635,4.858161243130721,7.07316318524161,3.3977845795240227,3.993742492132043,-0.5959579126080201,-0.4606356599781881,-0.135322252629832,4.067,5.9702929359423065,2.163707064057694
2025-09-19,2.83,2.98,2.8,2.91,8074000,4.2742729240033555,4.819583792771696,7.031738675935724,3.3227407980587884,3.9134652704926323,-0.5907244724338439,-0.4866534224693193,-0.10407104996452454,3.9560000000000004,5.857309022754562,2.054690977245439
2025-09-22,2.85,3.02,2.78,2.99,8413000,4.223909279924793,4.783354410736613,6.991522370702533,3.271549906049744,3.8450604356413263,-0.5735105295915823,-0.504024843893772,-0.06948568569781033,3.8519999999999994,5.725537829884393,1.978462170115606
2025-09-23,2.99,3.2,2.92,3.13,11321000,4.181010876790487,4.750614719434897,6.953099262536339,3.2497729974267067,3.792092995964191,-0.5423199985374842,-0.5116838748225144,-0.03063612371496982,3.7585,5.579447830117036,1.937552169882965
2025-09-24,3.13,3.2,3.03,3.05,5689500,4.1366575090732125,4.716939180436186,6.914262453953889,3.2190386901302905,3.737123144411288,-0.5180844542809973,-0.512963990714211,-0.005120463566786304,3.665,5.428933105309823,1.901066894690177
2025-09-25,3.05,3.07,2.97,3.0,3489000,4.092082704795832,4.6829403847839846,6.8753145688399195,3.185340430110246,3.6825214300104516,-0.4971809999002055,-0.5098073925514099,0.012626392651204466,3.5585,5.209345540929852,1.9076544590701483
2025-09-26,3.0,3.02,2.92,2.95,2409500,4.0472951477450145,4.648624733600143,6.836256712433553,3.1491342100932855,3.6282605833430104,-0.47912637324972485,-0.503671188691073,0.024544815441348122,3.4510000000000005,4.960263396497774,1.9417366035022277
2025-09-29,2.95,2.97,2.9,2.93,3002500,4.003479651755014,4.614592560657566,6.797388486439189,3.1154212546943185,3.576537577169454,-0.46111632247513556,-0.4951602154478855,0.034043892972749956,3.349,4.701433362501832,1.9965666374981683
2025-09-30,2.93,3.03,2.9,3.01,4139000,3.96451966541168,4.582818450545534,6.75970302886268,3.099202600125962,3.5345718307124576,-0.4353692305864958,-0.4832020184756076,0.04783278788911183,3.2585,4.436010509510648,2.080989490489352
2025-10-02,3.03,3.11,2.97,3.05,3414000,3.928656149121026,4.552465609940671,6.722790560913799,3.0916329693373523,3.4986776210300534,-0.4070446516927011,-0.46797054511902636,0.06092589342632526,3.1740000000000004,4.137169766971557,2.2108302330284446
2025-10-03,3.11,3.19,3.07,3.1,4280500,3.8961598295476523,4.523703914694321,6.686742893641025,3.0929202048239137,3.469145945398197,-0.3762257405742835,-0.4496215842100778,0.07339584363579432,3.1035,3.846420587955438,2.360579412044562
2025-10-06,3.1,3.1,3.01,3.08,2012500,3.864153561722254,4.495115718363741,6.650854904649572,3.09093248100485,3.4403203198131456,-0.3493878388082954,-0.4295748351297214,0.08018699632142601,3.0260000000000002,3.274949794151486,2.7770502058485147
2025-10-08,3.08,3.15,3.01,3.11,2369500,3.83457891224295,4.4676876843367355,6.615622517538632,3.0938659454656428,3.4158521479751345,-0.3219862025094917,-0.40805710860567546,0.08607090609618373,3.011,3.1926480112967646,2.8293519887032357
2025-10-09,3.08,3.22,3.08,3.15,6357000,3.8077326803902856,4.441594858904325,6.58113871139397,3.102501953855544,3.396159396273273,-0.29365744241772873,-0.38517717536808616,0.09151973295035742,3.0125,3.198174446298001,2.8268255537019993
2025-10-10,3.15,3.25,3.08,3.1,4347500,3.7799784576298823,4.4150286240745364,6.546500515260696,3.1021170378777683,3.3742216632159936,-0.2721046253382253,-0.362562665362114,0.09045804002388869,3.0085,3.1826579742879146,2.8343420257120857
2025-10-13,3.04,3.08,2.93,3.03,5166000,3.750567537722828,4.387602314686921,6.511510460382481,3.0910221089734966,3.348723762237031,-0.25770165326353434,-0.3415904629423981,0.08388880967886375,3.0095,3.1839104354907404,2.8350895645092598
2025-10-14,3.15,3.15,3.05,3.06,4808500,3.723486457812129,4.361313159940646,6.477167072716984,3.0862494768237276,3.3273368168861395,-0.24108734006241184,-0.3214898383664009,0.08040249830398905,3.0115000000000003,3.187258356865526,2.8357416431344746
2025-10-15,3.06,3.2,3.06,3.14,4057500,3.7006046359371436,4.33712874093192,6.443961430202388,3.0945187880816154,3.3134600156353144,-0.21894122755369905,-0.30098011620386056,0.08203888865016151,3.024,3.198974283847848,2.849025716152152
2025-10-16,3.11,3.19,3.04,3.05,3562000,3.675090728645491,4.311641043091684,6.410190669702862,3.087669743761367,3.2939444589215876,-0.20627471516022045,-0.2820390359951325,0.07576432083491208,3.028,3.2015050431776166,2.8544949568223834
2025-10-17,3.05,3.07,2.9,2.92,4550000,3.645479327522138,4.284083794713631,6.375462404332684,3.0618743985673107,3.26624486937184,-0.20437047080452952,-0.26650532295701196,0.062134852152482434,3.0295,3.198671510627725,2.860328489372275
2025-10-20,2.92,3.08,2.92,3.02,5072000,3.620950726442839,4.259052432442074,6.342074718717434,3.055432183403109,3.2480045086776297,-0.19257232527452084,-0.25171872342051377,0.05914639814599293,3.039,3.181534206449066,2.8964657935509344
2025-10-21,3.04,3.05,3.0,3.02,1547500,3.597384031288218,4.234516740710547,6.30901924887945,3.049981078264169,3.23111528581262,-0.181134207548451,-0.23760182024610121,0.056467612697650216,3.0445,3.1746499135922264,2.914350086407774
2025-10-22,3.02,3.05,2.97,3.04,3193000,3.5755258339827978,4.210862943864794,6.276491694164232,3.0484455277619893,3.2169585979746484,-0.16851307021265916,-0.22378407023941282,0.05527100002675367,3.0469999999999997,3.174765410061031,2.9192345899389682
2025-10-23,3.02,3.05,2.96,3.01,2109000,3.553348350297198,4.187083479629847,6.243989289247175,3.0425308311832215,3.201628331458008,-0.15909750027478653,-0.21084675624648758,0.05174925597170105,3.041,3.163784363858207,2.918215636141793
2025-10-24,3.01,3.15,3.0,3.08,3792000,3.5347856698933864,4.165161034488662,6.212506808757153,3.048295318693495,3.1926188254240815,-0.14432350673058636,-0.19754210634330735,0.05321859961272099,3.0424999999999995,3.1664152936810632,2.918584706318936
2025-10-27,3.1,3.14,3.02,3.08,2951500,3.5169509377407047,4.143672697172055,6.1813375867794695,3.053172961971419,3.184276690207483,-0.13110372823606387,-0.18425443072185865,0.05315070248579479,3.0465,3.1698328829147506,2.9231671170852493
2025-10-28,3.05,3.17,3.05,3.11,4143000,3.500992077437148,4.123203930891419,6.150777013776689,3.061915583206585,3.178774713155077,-0.11685912994849179,-0.17077537056718528,0.05391624061869349,3.0545,3.172394020238782,2.936605979761218
2025-10-30,3.08,3.2,3.08,3.15,5345000,3.4872276822435344,4.103932565923272,6.120918536027668,3.075467031944034,3.1766432529213677,-0.10117622097733392,-0.15685554064921503,0.05567931967188111,3.0655,3.175677130149866,2.9553228698501344
2025-10-31,3.19,3.2,3.06,3.07,4432000,3.4708658123516316,4.083458653726772,6.090561137659234,3.07462595010649,3.16874375270497,-0.0941178025984799,-0.144307993039068,0.05019019044058809,3.0685,3.175696082055549,2.9613039179444507
2025-11-03,3.08,3.16,3.08,3.13,2482000,3.457498525592744,4.064578284346043,6.061102817881531,3.083145034705492,3.1658738450971944,-0.08272881039170255,-0.13199215650959492,0.049263346117892376,3.0725000000000002,3.1825681607371514,2.962431839262849
2025-11-04,3.11,3.17,3.08,3.12,2891000,3.4442632892949896,4.045873763863943,6.031838113225994,3.0888150293661853,3.1624757824974026,-0.07366075313121723,-0.12032587583391939,0.046665122702702164,3.0735,3.1849046678019337,2.9620953321980665
2025-11-05,3.08,3.11,3.03,3.07,3003000,3.4295862975579317,4.026549530916142,6.002367087223746,3.085920409463695,3.155625724534632,-0.0697053150709368,-0.11020176368132288,0.04049644861038608,3.073,3.184373246374788,2.961626753625212
2025-11-06,3.07,3.17,3.07,3.1,13554000,3.4166613447125225,4.008202015452456,5.973487812724008,3.0880865003154345,3.15150530049503,-0.06341880017959545,-0.1008451709809774,0.03742637080138195,3.0725000000000002,3.183292599067173,2.9617074009328275
2025-11-07,3.1,3.12,3.05,3.06,1940000,3.4026746253120317,3.989425737918744,5.944497884239192,3.0837655002669058,3.1447271300879907,-0.060961629821084884,-0.09286846274899889,0.031906832927914006,3.068,3.1729952380256368,2.9630047619743634
2025-11-10,3.06,3.18,3.06,3.15,2469500,3.392765816476266,3.972803446078769,5.9166919351422855,3.0939554233027664,3.145117713044436,-0.051162289741669476,-0.08452722814753301,0.033364938405863534,3.0705,3.180677130149862,2.960322869850138
2025-11-11,3.15,3.29,3.15,3.24,3720000,3.3867750001438632,3.9582924867504765,5.890058184543855,3.116423819717726,3.1521460305966995,-0.03572221087897365,-0.07476622469382113,0.039044013814847484,3.081,3.211828131562206,2.9501718684377938
2025-11-12,3.24,3.48,3.24,3.4,5711199,3.387293627589202,3.94723718998314,5.865281486190185,3.160050924376537,3.170505583885833,-0.010454659509295805,-0.06190391165691607,0.051449252147620264,3.098,3.288326036075086,2.9076739639249136
2025-11-13,3.43,3.43,3.23,3.29,2486000,3.383478191213155,3.934222592161692,5.839656794785308,3.1800430898570697,3.179357022116512,0.0006860677405575721,-0.049385915777421345,0.05007198351797892,3.1055,3.3129102215611708,2.8980897784388295
2025-11-14,3.21,3.24,3.05,3.07,2881500,3.371184928812639,3.917109273505025,5.812098020707843,3.163113383725213,3.1712565019597334,-0.008143118234520408,-0.04113735626884116,0.03299423803432075,3.1064999999999996,3.313021185373447,2.8999788146265524
2025-11-17,3.07,3.14,3.04,3.1,1499500,3.3605502257219477,3.9009288918514597,5.785111970750552,3.1534036323828727,3.165978242555309,-0.01257461017243644,-0.03542480704956022,0.02285019687712378,3.1155,3.3035930620944116,2.9274069379055883
2025-11-18,3.1,3.11,3.01,3.05,2337000,3.348371785497558,3.884078814785094,5.757896926265472,3.1374953812470463,3.1573872616252863,-0.019891880378239968,-0.03231822171529617,0.012426341337056203,3.117,3.3024831528954905,2.9315168471045094
2025-11-19,3.06,3.12,3.05,3.06,1394000,3.3370630880270657,3.867760422413112,5.731052180730493,3.125573014901347,3.1501733903937836,-0.024600375492436655,-0.03077465247072427,0.006174276978287617,3.1189999999999998,3.3010878908880312,2.9369121091119683
2025-11-20,3.07,3.13,3.04,3.08,1744500,3.3269821826142394,3.852161206127704,5.704673552066508,3.1185617818396016,3.1449753614757254,-0.026413579636123785,-0.029902437903804174,0.003488858267680389,3.121,3.30043243856129,2.94156756143871
2025-11-21,3.04,3.12,3.02,3.02,2492500,3.3149436656489755,3.8356827664024027,5.677960382394204,3.1033984307873554,3.1357179272923386,-0.032319496504983114,-0.03038584962403996,-0.0019336468809431524,3.1215,3.2997442145149494,2.943255785485051
2025-11-24,3.04,3.12,3.04,3.07,1430000,3.305338031701957,3.8205207314241374,5.652010527843019,3.098260210666224,3.130849932678091,-0.032589722011867384,-0.030826624101605447,-0.001763097910261937,3.121,3.2997624121789904,2.9422375878210096
2025-11-25,3.14,3.19,3.11,3.17,2273000,3.3000306579097236,3.807639132782075,5.627313905675426,3.1092971013329587,3.1337499376648994,-0.02445283633194073,-0.029551866547672504,0.005099030215731774,3.1254999999999997,3.30443853695627,2.9465614630437296
2025-11-26,3.19,3.24,3.12,3.12,1763500,3.2929706321093426,3.794022516291341,5.602365508604029,3.110943701127888,3.1327314237637958,-0.02178772263590778,-0.027999037765319562,0.006211315129411782,3.126,3.3048183436005667,2.947181656399433
2025-11-27,3.13,3.25,3.13,3.17,2734500,3.2881482543795646,3.7816656347806212,5.5781628667273715,3.120029285569751,3.1354920590405517,-0.015462773470800606,-0.025491784906415772,0.010029011435615166,3.127,3.3065661438246368,2.947433856175363
2025-11-28,3.17,3.28,3.17,3.24,1297000,3.2862600875411503,3.7709395826067476,5.55489756457088,3.1384863185590204,3.143233388000511,-0.0047470694414908365,-0.021342841813430786,0.01659577237193995,3.1355,3.3195081520151994,2.9514918479848005
2025-12-01,3.26,3.34,3.25,3.3,2614000,3.286798907637576,3.761614046317505,5.532460772883608,3.163334577242248,3.154845729630103,0.00848884761214519,-0.015376503928315592,0.02386535154046078,3.1439999999999997,3.3414234028884295,2.94657659711157
2025-12-02,3.32,3.37,3.31,3.32,2662500,3.2881009112596318,3.7528692137171586,5.51044623783004,3.18743694997421,3.167079379287132,0.020357570687077775,-0.00822968900523692,0.028587259692314695,3.154,3.365319663088993,2.942680336911007
2025-12-03,3.32,3.33,3.01,3.1,5776500,3.2807244049357247,3.7399411104752347,5.486461698150139,3.173985111516639,3.162110536376974,0.011874575139664945,-0.004208836176256547,0.016083411315921493,3.1555,3.3648298832179613,2.9461701167820387
2025-12-04,3.1,3.13,3.03,3.08,857500,3.2728528596441278,3.726872969673745,5.462516805631232,3.1595258635910026,3.1560282744231243,0.0034975891678783455,-0.002667551107429569,0.006165140275307915,3.1544999999999996,3.3650682787317345,2.9439317212682647
2025-12-05,3.08,3.13,3.05,3.12,654000,3.266858629854162,3.714855683145552,5.439208180699578,3.153444961500079,3.153359513354745,8.544814533406608e-05,-0.002116951256876842,0.002202399402210908,3.1575,3.3642728222181173,2.950727177781883
2025-12-08,3.12,3.12,3.05,3.08,1092500,3.2595308404481167,3.7022842834793037,5.41573347243391,3.142145736653913,3.1479254753284676,-0.005779738674554391,-0.002849508740412352,-0.0029302299341420392,3.154,3.3635137227201253,2.9444862772798746
2025-12-09,3.08,3.15,3.07,3.1,1350500,3.2532747290579946,3.690357862024268,5.39269134833009,3.135661777168696,3.144375440118951,-0.00871366295025533,-0.004022339582380947,-0.004691323367874383,3.1470000000000002,3.3538912758142474,2.940108724185753
2025-12-10,3.13,3.13,3.06,3.08,1111500,3.2464796416439556,3.6782715677267577,5.36967949411785,3.1270984268350506,3.1396068889990287,-0.012508462163978162,-0.00571956409870039,-0.006788898065277773,3.1310000000000002,3.303846752957785,2.9581532470422154
2025-12-11,3.1,3.14,3.08,3.14,1384500,3.242303969422624,3.6676127248014754,5.347493628504738,3.1290832842450427,3.139636008332434,-0.010552724087391496,-0.006686196096438612,-0.0038665279909528847,3.1235,3.280378934239275,2.966621065760725
2025-12-12,3.14,3.19,3.12,3.13,1836412,3.2378998921903643,3.656966928270753,5.325429015285786,3.1292243174381134,3.1389222299374393,-0.009697912499325945,-0.007288539377016078,-0.0024093731223098665,3.1265,3.281454832154568,2.971545167845432
2025-12-15,3.09,3.18,3.09,3.13,1533500,3.2336685238691736,3.646531939592124,5.303583950457072,3.1293436532168655,3.1382613240161477,-0.008917670799282185,-0.0076143656614693,-0.0013033051378128846,3.128,3.2824797721646757,2.9735202278353245
2025-12-16,3.11,3.17,3.08,3.1,2136000,3.2284266209723436,3.6357095249467353,5.281657741994812,3.1248292450296553,3.1354271518668035,-0.01059790683714823,-0.008211073896605086,-0.0023868329405431436,3.1305,3.2814271347639306,2.9795728652360696
2025-12-17,3.08,3.15,3.0,3.1,2380000,3.223390282894997,3.6251014155418493,5.259949704761033,3.121009361178939,3.132802918395188,-0.011793557216249084,-0.008927570560533886,-0.0028659866557151983,3.1325000000000003,3.2806721971492943,2.9843278028507063
2025-12-18,3.1,3.15,3.1,3.12,1706000,3.2193357619971543,3.6150994073132976,5.238656672872864,3.1208540748437175,3.1318545540696188,-0.011000479225901305,-0.00934215229360737,-0.0016583269322939347,3.1345,3.2808523146658395,2.9881476853341606
2025-12-19,3.12,3.15,3.1,3.11,1155000,3.2150480850560896,3.605097438851648,5.217476009461194,3.1191842171754534,3.1302356982126103,-0.011051481037156918,-0.00968401804231728,-0.0013674629948396376,3.1390000000000002,3.2762443077437027,3.001755692256298
2025-12-22,3.12,3.16,3.11,3.13,1654000,3.211712866034282,3.595689568775378,5.196705103894416,3.120848183763845,3.1302182390857505,-0.00937005532190538,-0.009621225498234902,0.0002511701763295224,3.1420000000000003,3.275656275602935,3.008343724397066
2025-12-23,3.13,3.21,3.13,3.15,1808000,3.209292753640781,3.586864032760024,5.176339878980045,3.1253330785694073,3.1316835547090283,-0.00635047613962092,-0.008967075626512106,0.002616599486891186,3.141,3.2741014650860305,3.0078985349139695
2025-12-24,3.17,3.2,3.14,3.2,593000,3.208928331929378,3.579203358843984,5.156674805557358,3.136820297251037,3.136744032137989,7.626511304792416e-05,-0.0071584074786001,0.007234672591648024,3.1450000000000005,3.2801295674826467,3.009870432517354
2025-12-29,3.18,3.25,3.13,3.13,2531000,3.205833103226265,3.5703082428272714,5.136508887094101,3.1357710207508775,3.136244474201842,-0.0004734534509642785,-0.005821416673072936,0.005347963222108658,3.143,3.2777738847405065,3.008226115259493
2025-12-30,3.23,3.23,3.11,3.11,1210500,3.202074942315431,3.5611932281178205,5.116344619560827,3.131806248327665,3.13430043907578,-0.002494190748114633,-0.0051559714880812756,0.0026617807399666425,3.1365,3.264292801080689,3.0087071989193106
2025-12-31,3.08,3.16,3.08,3.1,1939000,3.1980720034011005,3.5520606889471704,5.096281489017934,3.126912979354178,3.1317596658109075,-0.0048466864567293655,-0.005094114481810894,0.0002474280250815289,3.1265,3.23066813336165,3.0223318666383503
2026-01-02,3.09,3.19,3.09,3.14,1767500,3.195794669934391,3.5439010713442562,5.07681600156502,3.128926367145843,3.1323700609360254,-0.0034436937901825004,-0.004764030343485216,0.0013203365533027154,3.1175,3.172952682604651,3.0620473173953493
2026-01-05,3.18,3.23,3.14,3.15,2508500,3.193998800525199,3.5361010501295187,5.057643703041986,3.132168464508021,3.133675982348172,-0.001507517840150907,-0.004112727842818354,0.002605210002667447,3.12,3.1765685425660912,3.063431457433909
2026-01-06,3.2,3.23,3.15,3.15,1860000,3.1922733573673483,3.5284554847804195,5.0386621736584845,3.134911777660633,3.1348851688409,2.660881973293172e-05,-0.003284860510308097,0.003311469330041029,3.1235,3.1783725797466365,3.0686274202533634
2026-01-07,3.15,3.23,3.13,3.13,3835500,3.18983126492157,3.520565277161005,5.019670510238997,3.1341561195589973,3.134523304482315,-0.00036718492331777597,-0.002701325392910033,0.002334140469592257,3.1239999999999997,3.1789181209442825,3.069081879055717
2026-01-08,3.14,3.18,3.08,3.09,2781500,3.185916313356018,3.512039232068708,5.00046980864458,3.1273628703960745,3.1312252819280695,-0.003862411531994958,-0.0029335426207270183,-0.0009288689112679398,3.1245,3.1779696176164633,3.0710303823835363
2026-01-09,3.1,3.15,3.05,3.06,3492000,3.1809784187146057,3.5030879601465554,4.981161651344634,3.116999351873601,3.125949335118583,-0.008949983244981752,-0.004136830745577965,-0.004813152499403787,3.1224999999999996,3.1821238208105713,3.062876179189428
2026-01-12,3.06,3.13,3.06,3.08,4330000,3.1770184807257977,3.4947099807377127,4.962244619987971,3.1113071438930473,3.1225456806653544,-0.011238536772307128,-0.005557171950923798,-0.005681364821383331,3.1224999999999996,3.1821238208105713,3.062876179189428
