date,cash,holdings_value,total_asset
2022-03-17,2.1446799989789724,24950097.66,24950099.804679997
2022-03-18,2.1446799989789724,26566917.49,26566919.634679995
2022-03-19,2.1446799989789724,26566917.49,26566919.634679995
2022-03-20,2.1446799989789724,26566917.49,26566919.634679995
2022-03-21,2.1446799989789724,25902178.540000003,25902180.68468
2022-03-22,2.1446799989789724,26629875.29,26629877.43468
2022-03-23,2.1446799989789724,26876176.349999998,26876178.494679995
2022-03-24,2.1446799989789724,26434238.029999997,26434240.174679995
2022-03-25,2.1446799989789724,25830048.900000002,25830051.04468
2022-03-26,2.1446799989789724,25830048.900000002,25830051.04468
2022-03-27,2.1446799989789724,25830048.900000002,25830051.04468
2022-03-28,2.1446799989789724,25831424.77,25831426.914679997
2022-03-29,2.1446799989789724,25432877.33,25432879.47468
2022-03-30,2.1446799989789724,26743861.19,26743863.33468
2022-03-31,2.1446799989789724,26341534.29,26341536.43468
2022-04-01,2.1446799989789724,26387888.49,26387890.634679995
2022-04-02,2.1446799989789724,26387888.49,26387890.634679995
2022-04-03,2.1446799989789724,26387888.49,26387890.634679995
2022-04-04,2.1446799989789724,27038292.82,27038294.96468
2022-04-05,2.1446799989789724,27038292.82,27038294.96468
2022-04-06,2.1446799989789724,26728564.259999994,26728566.40467999
2022-04-07,2.1446799989789724,26146040.08,26146042.22468
2022-04-08,2.1446799989789724,26561003.839999996,26561005.984679997
2022-04-09,2.1446799989789724,26561003.839999996,26561005.984679997
2022-04-10,2.1446799989789724,26561003.839999996,26561005.984679997
2022-04-11,2.1446799989789724,25469987.46,25469989.60468
2022-04-12,2.1446799989789724,25389589.060000002,25389591.204680003
2022-04-13,2.1446799989789724,25524522.009999998,25524524.15468
2022-04-14,2.1446799989789724,25927643.16,25927645.304679997
2022-04-15,2.1446799989789724,25927643.16,25927645.304679997
2022-04-16,2.1446799989789724,25927643.16,25927645.304679997
2022-04-17,2.1446799989789724,25927643.16,25927645.304679997
2022-04-18,2.1446799989789724,25927643.16,25927645.304679997
2022-04-19,2.1446799989789724,25554578.839999996,25554580.984679997
2022-04-20,2.1446799989789724,25461543.92,25461546.064680003
2022-04-21,2.1446799989789724,24881422.16,24881424.304679997
2022-04-22,1257499.909079999,23689709.190000005,24947209.099080004
2022-04-23,1257499.909079999,23689709.190000005,24947209.099080004
2022-04-24,1257499.909079999,23689709.190000005,24947209.099080004
2022-04-25,1257499.909079999,22719790.849999998,23977290.759079996
2022-04-26,1257499.909079999,22625213.44,23882713.34908
2022-04-27,2771981.096639999,21557835.91,24329817.00664
2022-04-28,2771981.096639999,22006681.15,24778662.246639997
2022-04-29,2771981.096639999,22423707.07,25195688.16664
2022-04-30,2771981.096639999,22423707.07,25195688.16664
2022-05-01,2771981.096639999,22423707.07,25195688.16664
2022-05-02,2771981.096639999,22423707.07,25195688.16664
2022-05-03,2771981.096639999,22515795.39,25287776.48664
2022-05-04,2771981.096639999,22434995.23,25206976.32664
2022-05-05,2771981.096639999,22325003.560000002,25096984.65664
2022-05-06,2771981.096639999,21621641.799999997,24393622.896639995
2022-05-07,2771981.096639999,21621641.799999997,24393622.896639995
2022-05-08,2771981.096639999,21621641.799999997,24393622.896639995
2022-05-09,2771981.096639999,21621641.799999997,24393622.896639995
2022-05-10,4307538.72684,19580700.69,23888239.416840002
2022-05-11,4307538.72684,19744197.95,24051736.67684
2022-05-12,4307538.72684,19382556.11,23690094.83684
2022-05-13,7435094.56986,16596399.21,24031493.77986
2022-05-14,7435094.56986,16596399.21,24031493.77986
2022-05-15,7435094.56986,16596399.21,24031493.77986
2022-05-16,7435094.56986,16739705.250000002,24174799.819860004
2022-05-17,7435094.56986,16925120.41,24360214.97986
2022-05-18,7435094.56986,17110779.42,24545873.989860002
2022-05-19,7435094.56986,17051885.32,24486979.88986
2022-05-20,7435094.56986,17206998.2,24642092.76986
2022-05-21,7435094.56986,17206998.2,24642092.76986
2022-05-22,7435094.56986,17206998.2,24642092.76986
2022-05-23,7435094.56986,17086133.64,24521228.20986
2022-05-24,7435094.56986,16807223.65,24242318.21986
2022-05-25,8736013.517860001,15656227.209999999,24392240.72786
2022-05-26,8736013.517860001,15579605.98,24315619.49786
2022-05-27,8736013.517860001,15610997.219999999,24347010.73786
2022-05-28,8736013.517860001,15610997.219999999,24347010.73786
2022-05-29,8736013.517860001,15610997.219999999,24347010.73786
2022-05-30,8736013.517860001,15621966.7,24357980.21786
2022-05-31,10330611.2113,14510438.979999999,24841050.191299997
2022-06-01,10330611.2113,14509861.049999999,24840472.261299998
2022-06-02,10330611.2113,14296275.18,24626886.3913
2022-06-03,10330611.2113,14296275.18,24626886.3913
2022-06-04,10330611.2113,14296275.18,24626886.3913
2022-06-05,10330611.2113,14296275.18,24626886.3913
2022-06-06,10330611.2113,14408692.36,24739303.5713
2022-06-07,11981764.66654,12661199.290000001,24642963.956540003
2022-06-08,11981764.66654,12771534.109999998,24753298.776539996
2022-06-09,11981764.66654,12489317.54,24471082.20654
2022-06-10,11981764.66654,12471355.96,24453120.62654
2022-06-11,11981764.66654,12471355.96,24453120.62654
2022-06-12,11981764.66654,12471355.96,24453120.62654
2022-06-13,11981764.66654,12380996.200000001,24362760.86654
2022-06-14,11981764.66654,12436662.219999999,24418426.88654
2022-06-15,11981764.66654,12556717.79,24538482.45654
2022-06-16,11981764.66654,12079618.92,24061383.58654
2022-06-17,11981764.66654,12191910.05,24173674.71654
2022-06-18,11981764.66654,12191910.05,24173674.71654
2022-06-19,11981764.66654,12191910.05,24173674.71654
2022-06-20,11981764.66654,12383138.090000002,24364902.75654
2022-06-21,11981764.66654,12420317.79,24402082.45654
2022-06-22,11981764.66654,12305030.229999999,24286794.89654
2022-06-23,13808910.75114,10634605.87,24443516.62114
2022-06-24,13808910.75114,10969790.65,24778701.40114
2022-06-25,13808910.75114,10969790.65,24778701.40114
2022-06-26,13808910.75114,10969790.65,24778701.40114
2022-06-27,13808910.75114,11106429.020000001,24915339.77114
2022-06-28,13808910.75114,11215334.780000001,25024245.53114
2022-06-29,13808910.75114,10831984.24,24640894.99114
2022-06-30,13808910.75114,10985903.95,24794814.70114
2022-07-01,13808910.75114,10985903.95,24794814.70114
2022-07-02,13808910.75114,10985903.95,24794814.70114
2022-07-03,13808910.75114,10985903.95,24794814.70114
2022-07-04,13808910.75114,10819260.92,24628171.67114
2022-07-05,13808910.75114,10729008.319999998,24537919.07114
2022-07-06,13808910.75114,10673555.12,24482465.87114
2022-07-07,13808910.75114,10920272.46,24729183.21114
2022-07-08,13808910.75114,11107417.63,24916328.38114
2022-07-09,13808910.75114,11107417.63,24916328.38114
2022-07-10,13808910.75114,11107417.63,24916328.38114
2022-07-11,13808910.75114,10995524.89,24804435.64114
2022-07-12,13808910.75114,10795469.28,24604380.03114
2022-07-13,13808910.75114,10697528.18,24506438.93114
2022-07-14,13808910.75114,10594647.34,24403558.091140002
2022-07-15,13808910.75114,10500982.2,24309892.95114
2022-07-16,13808910.75114,10500982.2,24309892.95114
2022-07-17,13808910.75114,10500982.2,24309892.95114
2022-07-18,15416863.28138,8973890.959999999,24390754.24138
2022-07-19,15416863.28138,8858032.97,24274896.25138
2022-07-20,15416863.28138,8859649.2,24276512.48138
2022-07-21,15416863.28138,8802419.63,24219282.91138
2022-07-22,15416863.28138,8730180.74,24147044.02138
2022-07-23,15416863.28138,8730180.74,24147044.02138
2022-07-24,15416863.28138,8730180.74,24147044.02138
2022-07-25,15416863.28138,8666446.07,24083309.351379998
2022-07-26,15416863.28138,8767117.45,24183980.73138
2022-07-27,15416863.28138,8653306.61,24070169.891379997
2022-07-28,15416863.28138,8675996.219999999,24092859.501379997
2022-07-29,15416863.28138,8588154.18,24005017.461379997
2022-07-30,15416863.28138,8588154.18,24005017.461379997
2022-07-31,15416863.28138,8588154.18,24005017.461379997
2022-08-01,15416863.28138,8757068.31,24173931.59138
2022-08-02,15416863.28138,8588418.209999999,24005281.49138
2022-08-03,16935557.08682,7123164.32,24058721.40682
2022-08-04,18406633.92704,5744051.119999999,24150685.04704
2022-08-05,18406633.92704,5693074.4,24099708.32704
2022-08-06,18406633.92704,5693074.4,24099708.32704
2022-08-07,18406633.92704,5693074.4,24099708.32704
2022-08-08,18406633.92704,5684578.279999999,24091212.207039997
2022-08-09,18406633.92704,5643513.7,24050147.62704
2022-08-10,18406633.92704,5581208.82,23987842.74704
2022-08-11,18406633.92704,5625105.4399999995,24031739.36704
2022-08-12,18406633.92704,5639265.64,24045899.56704
2022-08-13,18406633.92704,5639265.64,24045899.56704
2022-08-14,18406633.92704,5639265.64,24045899.56704
2022-08-15,18406633.92704,5613777.279999999,24020411.207039997
2022-08-16,18406633.92704,5639265.64,24045899.56704
2022-08-17,18406633.92704,5627937.4799999995,24034571.40704
2022-08-18,18406633.92704,5554304.4399999995,23960938.36704
2022-08-19,18406633.92704,5636433.6,24043067.527039997
2022-08-20,18406633.92704,5636433.6,24043067.527039997
2022-08-21,18406633.92704,5636433.6,24043067.527039997
2022-08-22,18406633.92704,5610945.24,24017579.167039998
2022-08-23,18406633.92704,5465095.18,23871729.10704
2022-08-24,18406633.92704,5368805.82,23775439.74704
2022-08-25,18406633.92704,5435358.76,23841992.68704
2022-08-26,18406633.92704,5465095.18,23871729.10704
2022-08-27,18406633.92704,5465095.18,23871729.10704
2022-08-28,18406633.92704,5465095.18,23871729.10704
2022-08-29,18406633.92704,5503327.72,23909961.64704
2022-08-30,18406633.92704,5479255.38,23885889.30704
2022-08-31,18406633.92704,5429694.68,23836328.60704
2022-09-01,18406633.92704,5368805.82,23775439.74704
2022-09-02,18406633.92704,5327741.24,23734375.167039998
2022-09-03,18406633.92704,5327741.24,23734375.167039998
2022-09-04,18406633.92704,5327741.24,23734375.167039998
2022-09-05,18406633.92704,5184723.22,23591357.14704
2022-09-06,20296066.22956,3280176.32,23576242.54956
2022-09-07,20296066.22956,3280176.32,23576242.54956
2022-09-08,20296066.22956,3280176.32,23576242.54956
2022-09-09,20296066.22956,3280176.32,23576242.54956
2022-09-10,20296066.22956,3280176.32,23576242.54956
2022-09-11,20296066.22956,3280176.32,23576242.54956
2022-09-12,20296066.22956,3280176.32,23576242.54956
2022-09-13,20296066.22956,3280176.32,23576242.54956
2022-09-14,20296066.22956,3280176.32,23576242.54956
2022-09-15,20296066.22956,3280176.32,23576242.54956
2022-09-16,20296066.22956,3280176.32,23576242.54956
2022-09-17,20296066.22956,3280176.32,23576242.54956
2022-09-18,20296066.22956,3280176.32,23576242.54956
2022-09-19,20296066.22956,3280176.32,23576242.54956
2022-09-20,20296066.22956,3280176.32,23576242.54956
2022-09-21,20296066.22956,3280176.32,23576242.54956
2022-09-22,20296066.22956,3280176.32,23576242.54956
2022-09-23,20296066.22956,3280176.32,23576242.54956
2022-09-24,20296066.22956,3280176.32,23576242.54956
2022-09-25,20296066.22956,3280176.32,23576242.54956
2022-09-26,20296066.22956,3280176.32,23576242.54956
2022-09-27,20296066.22956,3280176.32,23576242.54956
2022-09-28,20296066.22956,3280176.32,23576242.54956
2022-09-29,20296066.22956,3280176.32,23576242.54956
2022-09-30,20296066.22956,3280176.32,23576242.54956
2022-10-01,20296066.22956,3280176.32,23576242.54956
2022-10-02,20296066.22956,3280176.32,23576242.54956
2022-10-03,20296066.22956,3280176.32,23576242.54956
2022-10-04,20296066.22956,3280176.32,23576242.54956
2022-10-05,20296066.22956,3280176.32,23576242.54956
2022-10-06,0.12958000064827502,23535731.310000002,23535731.439580005
2022-10-07,0.12958000064827502,22476758.120000005,22476758.249580007
2022-10-08,0.12958000064827502,22476758.120000005,22476758.249580007
2022-10-09,0.12958000064827502,22476758.120000005,22476758.249580007
2022-10-10,0.12958000064827502,21995972.92,21995973.049580004
2022-10-11,0.12958000064827502,21816605.25,21816605.379580002
2022-10-12,0.12958000064827502,21660389.86,21660389.98958
2022-10-13,0.12958000064827502,21318591.150000002,21318591.279580005
2022-10-14,0.12958000064827502,21546484.03,21546484.159580003
2022-10-15,0.12958000064827502,21546484.03,21546484.159580003
2022-10-16,0.12958000064827502,21546484.03,21546484.159580003
2022-10-17,0.12958000064827502,21759375.18,21759375.309580002
2022-10-18,0.12958000064827502,22006946.07,22006946.199580003
2022-10-19,0.12958000064827502,21676170.759999998,21676170.88958
2022-10-20,0.12958000064827502,21494850.53,21494850.659580003
2022-10-21,0.12958000064827502,21847803.94,21847804.069580004
2022-10-22,0.12958000064827502,21847803.94,21847804.069580004
2022-10-23,0.12958000064827502,21847803.94,21847804.069580004
2022-10-24,0.12958000064827502,20920557.300000004,20920557.429580007
2022-10-25,0.12958000064827502,21157815.150000002,21157815.279580005
2022-10-26,0.12958000064827502,21316189.84,21316189.969580002
2022-10-27,0.12958000064827502,21066060.810000006,21066060.93958001
2022-10-28,0.12958000064827502,20425094.37,20425094.499580003
2022-10-29,0.12958000064827502,20425094.37,20425094.499580003
2022-10-30,0.12958000064827502,20425094.37,20425094.499580003
2022-10-31,1162544.4215000004,18920283.08,20082827.5015
2022-11-01,1162544.4215000004,18998971.39,20161515.8115
2022-11-02,1.075700000161305,20366597.580000002,20366598.655700002
2022-11-03,1.075700000161305,20088562.56,20088563.6357
2022-11-04,1.075700000161305,21130759.86,21130760.9357
2022-11-05,1.075700000161305,21130759.86,21130760.9357
2022-11-06,1.075700000161305,21130759.86,21130760.9357
2022-11-07,1.075700000161305,21921418.11,21921419.1857
2022-11-08,1.075700000161305,21988084.06,21988085.1357
2022-11-09,1.075700000161305,22364844.03,22364845.1057
2022-11-10,1.075700000161305,22015025.56,22015026.6357
2022-11-11,1.075700000161305,24178398.28,24178399.3557
2022-11-12,1.075700000161305,24178398.28,24178399.3557
2022-11-13,1.075700000161305,24178398.28,24178399.3557
2022-11-14,1.075700000161305,25362591.450000003,25362592.525700003
2022-11-15,1.075700000161305,26033342.959999997,26033344.035699997
2022-11-16,1.075700000161305,25019339.979999997,25019341.055699997
2022-11-17,1.075700000161305,24727974.29,24727975.3657
2022-11-18,1.075700000161305,24489078.36,24489079.4357
2022-11-19,1.075700000161305,24489078.36,24489079.4357
2022-11-20,1.075700000161305,24489078.36,24489079.4357
2022-11-21,1.075700000161305,24251356.27,24251357.3457
2022-11-22,1.075700000161305,23865377.09,23865378.1657
2022-11-23,1.075700000161305,24106240.86,24106241.9357
2022-11-24,1.075700000161305,24978910.71,24978911.7857
2022-11-25,1.075700000161305,25205512.490000002,25205513.565700002
2022-11-26,1.075700000161305,25205512.490000002,25205513.565700002
2022-11-27,1.075700000161305,25205512.490000002,25205513.565700002
2022-11-28,1.075700000161305,24689319.3,24689320.3757
2022-11-29,1.075700000161305,25362214.38,25362215.4557
2022-11-30,1.075700000161305,25768130.270000003,25768131.345700003
2022-12-01,1.075700000161305,25431833.3,25431834.3757
2022-12-02,1.075700000161305,24901504.06,24901505.1357
2022-12-03,1.075700000161305,24901504.06,24901505.1357
2022-12-04,1.075700000161305,24901504.06,24901505.1357
2022-12-05,1.075700000161305,26057405.090000004,26057406.165700004
2022-12-06,1.075700000161305,26410805.37,26410806.4457
2022-12-07,1.075700000161305,25103950.5,25103951.5757
2022-12-08,1.075700000161305,25743722.92,25743723.9957
2022-12-09,1.075700000161305,26441602.080000002,26441603.155700002
2022-12-10,1.075700000161305,26441602.080000002,26441603.155700002
2022-12-11,1.075700000161305,26441602.080000002,26441603.155700002
2022-12-12,1.075700000161305,25788271.75,25788272.8257
2022-12-13,1.075700000161305,25530085.910000004,25530086.985700004
2022-12-14,1.075700000161305,25455160.280000005,25455161.355700005
2022-12-15,1.075700000161305,25375550.89,25375551.9657
2022-12-16,1.075700000161305,25662883.560000002,25662884.635700002
2022-12-17,1.075700000161305,25662883.560000002,25662884.635700002
2022-12-18,1.075700000161305,25662883.560000002,25662884.635700002
2022-12-19,1.075700000161305,25455495.640000004,25455496.715700004
2022-12-20,1.075700000161305,24498705.590000004,24498706.665700004
2022-12-21,1.075700000161305,24534290.39,24534291.4657
2022-12-22,1.075700000161305,24935065.22,24935066.2957
2022-12-23,1435511.0422200002,23246306.579999994,24681817.622219995
2022-12-24,1435511.0422200002,23246306.579999994,24681817.622219995
2022-12-25,1435511.0422200002,23246306.579999994,24681817.622219995
2022-12-26,1435511.0422200002,23246306.579999994,24681817.622219995
2022-12-27,1435511.0422200002,23246306.579999994,24681817.622219995
2022-12-28,1435511.0422200002,23673973.720000003,25109484.762220003
2022-12-29,1435511.0422200002,23533575.34,24969086.38222
2022-12-30,1435511.0422200002,23681703.979999997,25117215.022219997
2022-12-31,1435511.0422200002,23681703.979999997,25117215.022219997
2023-01-01,1435511.0422200002,23681703.979999997,25117215.022219997
2023-01-02,1435511.0422200002,23681703.979999997,25117215.022219997
2023-01-03,0.7021200000308454,25548359.330000002,25548360.03212
2023-01-04,1073589.8708199998,25252398.77,26325988.64082
2023-01-05,1073589.8708199998,25201120.51,26274710.380820002
2023-01-06,1073589.8708199998,25344096.61,26417686.48082
2023-01-07,1073589.8708199998,25344096.61,26417686.48082
2023-01-08,1073589.8708199998,25344096.61,26417686.48082
2023-01-09,0.48783999984152615,26388860.560000002,26388861.047840003
2023-01-10,0.48783999984152615,26425011.62,26425012.10784
2023-01-11,0.48783999984152615,26258535.410000004,26258535.897840004
2023-01-12,0.48783999984152615,26309395.749999996,26309396.237839997
2023-01-13,0.48783999984152615,26482727.1,26482727.587840002
2023-01-14,0.48783999984152615,26482727.1,26482727.587840002
2023-01-15,0.48783999984152615,26482727.1,26482727.587840002
2023-01-16,0.48783999984152615,26390155.68,26390156.16784
2023-01-17,0.48783999984152615,26154219.599999998,26154220.08784
2023-01-18,0.48783999984152615,26030575.84,26030576.32784
2023-01-19,0.48783999984152615,26193518.240000002,26193518.727840003
2023-01-20,0.48783999984152615,26647714.690000005,26647715.177840006
2023-01-21,0.48783999984152615,26647714.690000005,26647715.177840006
2023-01-22,0.48783999984152615,26647714.690000005,26647715.177840006
2023-01-23,0.48783999984152615,26647714.690000005,26647715.177840006
2023-01-24,0.48783999984152615,26647714.690000005,26647715.177840006
2023-01-25,0.48783999984152615,26647714.690000005,26647715.177840006
2023-01-26,0.48783999984152615,27525650.36,27525650.84784
2023-01-27,0.48783999984152615,27828207.88,27828208.36784
2023-01-28,0.48783999984152615,27828207.88,27828208.36784
2023-01-29,0.48783999984152615,27828207.88,27828208.36784
2023-01-30,0.48783999984152615,26914186.949999996,26914187.437839996
2023-01-31,0.48783999984152615,26838595.719999995,26838596.207839996
2023-02-01,0.48783999984152615,27215672.369999997,27215672.857839998
2023-02-02,0.48783999984152615,27057240.71,27057241.19784
2023-02-03,0.48783999984152615,26803713.760000005,26803714.247840006
2023-02-04,0.48783999984152615,26803713.760000005,26803714.247840006
2023-02-05,0.48783999984152615,26803713.760000005,26803714.247840006
2023-02-06,0.48783999984152615,26148109.279999997,26148109.767839998
2023-02-07,0.48783999984152615,26342098.889999993,26342099.377839994
2023-02-08,0.48783999984152615,26216335.27,26216335.75784
2023-02-09,1965482.6059199998,24520321.099999998,26485803.705919996
2023-02-10,196237.03763999976,25924361.3,26120598.337640002
2023-02-11,196237.03763999976,25878867.86,26075104.897639997
2023-02-12,196237.03763999976,25878867.86,26075104.897639997
2023-02-13,196237.03763999976,25937421.119999997,26133658.157639995
2023-02-14,196237.03763999976,25947466.130000006,26143703.167640008
2023-02-15,196237.03763999976,25690566.64,25886803.67764
2023-02-16,1843469.1512799999,24303822.04,26147291.19128
2023-02-17,1737646.6180999998,24229346.15,25966992.768099997
2023-02-18,1737646.6180999998,24238695.88,25976342.498099998
2023-02-19,1737646.6180999998,24238695.88,25976342.498099998
2023-02-20,2455.001779999817,26264028.7,26266483.70178
2023-02-21,2455.001779999817,26184012.58,26186467.581779998
2023-02-22,2455.001779999817,25936301.169999998,25938756.171779998
2023-02-23,2455.001779999817,26076050.48,26078505.48178
2023-02-24,2455.001779999817,25585504.07,25587959.07178
2023-02-25,2455.001779999817,25585504.07,25587959.07178
2023-02-26,2455.001779999817,25585504.07,25587959.07178
2023-02-27,3492623.92528,21911907.07,25404530.99528
2023-02-28,5053739.46112,20171033.86,25224773.32112
2023-03-01,1683780.45604,24333396.25,26017176.70604
2023-03-02,1.8705400000326335,26013962.130000006,26013964.000540007
2023-03-03,1.8705400000326335,26324364.509999998,26324366.38054
2023-03-04,1.8705400000326335,26324364.509999998,26324366.38054
2023-03-05,1.8705400000326335,26324364.509999998,26324366.38054
2023-03-06,1.8705400000326335,26474092.13,26474094.00054
2023-03-07,1.8705400000326335,26396922.470000003,26396924.340540003
2023-03-08,1.8705400000326335,25928474.06,25928475.93054
2023-03-09,1.8705400000326335,25804674.58,25804676.45054
2023-03-10,1.8705400000326335,25294444.06,25294445.93054
2023-03-11,1.8705400000326335,25294444.06,25294445.93054
2023-03-12,1.8705400000326335,25294444.06,25294445.93054
2023-03-13,1367552.8673800002,24466590.240000002,25834143.107380003
2023-03-14,2.145220000296831,25399921.019999996,25399923.165219996
2023-03-15,1863028.62522,23850859.819999997,25713888.445219997
2023-03-16,1863028.62522,23618823.209999997,25481851.835219998
2023-03-17,2874395.86716,23023367.53,25897763.39716
2023-03-18,2874395.86716,23023367.53,25897763.39716
2023-03-19,2874395.86716,23023367.53,25897763.39716
2023-03-20,2874395.86716,22553241.28,25427637.14716
2023-03-21,2874395.86716,22756086.71,25630482.57716
2023-03-22,2874395.86716,23065299.519999996,25939695.387159996
2023-03-23,1141626.3052799997,25226456.14,26368082.44528
2023-03-24,1141626.3052799997,25334591.37,26476217.67528
2023-03-25,1141626.3052799997,25334591.37,26476217.67528
2023-03-26,1141626.3052799997,25334591.37,26476217.67528
2023-03-27,1141626.3052799997,25039070.36,26180696.66528
2023-03-28,1141626.3052799997,25106442.080000002,26248068.385280002
2023-03-29,1141626.3052799997,25376430.359999996,26518056.665279996
2023-03-30,1141626.3052799997,25154731.63,26296357.93528
2023-03-31,4.499039999907836,26271122.39,26271126.88904
2023-04-01,4.499039999907836,26265551.03,26265555.52904
2023-04-02,4.499039999907836,26265551.03,26265555.52904
2023-04-03,4.499039999907836,26285680.330000002,26285684.829040002
2023-04-04,4.499039999907836,26394816.740000002,26394821.239040002
2023-04-05,4.499039999907836,26394816.740000002,26394821.239040002
2023-04-06,4.499039999907836,26426681.720000003,26426686.219040003
2023-04-07,4.499039999907836,26426681.720000003,26426686.219040003
2023-04-08,4.499039999907836,26426681.720000003,26426686.219040003
2023-04-09,4.499039999907836,26426681.720000003,26426686.219040003
2023-04-10,4.499039999907836,26426681.720000003,26426686.219040003
2023-04-11,4.499039999907836,26597312.799999997,26597317.299039997
2023-04-12,4.499039999907836,26557638.72,26557643.21904
2023-04-13,4.499039999907836,25647259.35,25647263.84904
2023-04-14,4.499039999907836,25762814.020000003,25762818.519040003
2023-04-15,4.499039999907836,25762814.020000003,25762818.519040003
2023-04-16,4.499039999907836,25762814.020000003,25762818.519040003
2023-04-17,4.499039999907836,26132907.57,26132912.06904
2023-04-18,4.499039999907836,25769357.6,25769362.09904
2023-04-19,4.499039999907836,25487855.849999998,25487860.349039998
2023-04-20,4.499039999907836,25654313.57,25654318.06904
2023-04-21,4.499039999907836,25467047.66,25467052.15904
2023-04-22,4.499039999907836,25467047.66,25467052.15904
2023-04-23,4.499039999907836,25467047.66,25467052.15904
2023-04-24,4.499039999907836,25399240.070000004,25399244.569040004
2023-04-25,4.499039999907836,25019590.97,25019595.46904
2023-04-26,1571308.9922399998,23575913.810000002,25147222.802240003
2023-04-27,30.167159999720752,25308127.61,25308157.77716
2023-04-28,30.167159999720752,25443655.33,25443685.49716
2023-04-29,30.167159999720752,25443655.33,25443685.49716
2023-04-30,30.167159999720752,25443655.33,25443685.49716
2023-05-01,30.167159999720752,25443655.33,25443685.49716
2023-05-02,30.167159999720752,25505724.499999996,25505754.667159997
2023-05-03,30.167159999720752,25206585.260000005,25206615.427160006
2023-05-04,30.167159999720752,25660590.93,25660621.09716
2023-05-05,30.167159999720752,25796076.409999996,25796106.577159997
2023-05-06,30.167159999720752,25796076.409999996,25796106.577159997
2023-05-07,30.167159999720752,25796076.409999996,25796106.577159997
2023-05-08,30.167159999720752,26034998.409999996,26035028.577159997
2023-05-09,30.167159999720752,25590588.949999996,25590619.117159996
2023-05-10,1569094.19028,23764223.990000002,25333318.180280004
2023-05-11,5.476679999846965,25241478.759999998,25241484.236679997
2023-05-12,5.476679999846965,24856392.030000005,24856397.506680004
2023-05-13,5.476679999846965,24856392.030000005,24856397.506680004
2023-05-14,5.476679999846965,24856392.030000005,24856397.506680004
2023-05-15,5.476679999846965,25233332.169999998,25233337.646679997
2023-05-16,5.476679999846965,25181535.84,25181541.31668
2023-05-17,1441533.3632399999,23281159.240000002,24722692.603240002
2023-05-18,1441533.3632399999,23590686.380000006,25032219.743240006
2023-05-19,6.213539999676868,24803843.970000003,24803850.18354
2023-05-20,6.213539999676868,24823571.52,24823577.73354
2023-05-21,6.213539999676868,24823571.52,24823577.73354
2023-05-22,6.213539999676868,24974457.430000003,24974463.643540002
2023-05-23,6.213539999676868,24518428.619999997,24518434.833539996
2023-05-24,6.213539999676868,24038941.889999997,24038948.103539996
2023-05-25,1986129.1073399996,21799087.74,23785216.84734
2023-05-26,1986129.1073399996,21799087.74,23785216.84734
2023-05-27,1986129.1073399996,21799087.74,23785216.84734
2023-05-28,1986129.1073399996,21799087.74,23785216.84734
2023-05-29,1986129.1073399996,21808987.220000003,23795116.327340003
2023-05-30,7816948.99754,16075772.659999998,23892721.657539997
2023-05-31,9645038.83086,13995327.32,23640366.15086
2023-06-01,11521361.165860001,12049524.96,23570886.125860002
2023-06-02,13326626.69926,10438369.540000001,23764996.239260003
2023-06-03,13326626.69926,10438369.540000001,23764996.239260003
2023-06-04,13326626.69926,10438369.540000001,23764996.239260003
2023-06-05,626636.5976199999,23114150.34,23740786.93762
2023-06-06,626636.5976199999,23228630.91,23855267.50762
2023-06-07,626636.5976199999,23293088.419999998,23919725.017619997
2023-06-08,626636.5976199999,23722275.44,24348912.03762
2023-06-09,626636.5976199999,23777101.98,24403738.57762
2023-06-10,626636.5976199999,23777101.98,24403738.57762
2023-06-11,626636.5976199999,23777101.98,24403738.57762
2023-06-12,626636.5976199999,23523589.48,24150226.07762
2023-06-13,626636.5976199999,23676159.139999997,24302795.737619996
2023-06-14,626636.5976199999,23558231.0,24184867.59762
2023-06-15,626636.5976199999,23956464.080000002,24583100.67762
2023-06-16,626636.5976199999,24460500.000000004,25087136.597620003
2023-06-17,626636.5976199999,24460500.000000004,25087136.597620003
2023-06-18,626636.5976199999,24460500.000000004,25087136.597620003
2023-06-19,626636.5976199999,24048915.549999997,24675552.147619996
2023-06-20,626636.5976199999,23523631.36,24150267.95762
2023-06-21,2450489.9309199997,21124932.43,23575422.36092
2023-06-22,2450489.9309199997,21124932.43,23575422.36092
2023-06-23,2450489.9309199997,20771723.11,23222213.04092
2023-06-24,2450489.9309199997,20771723.11,23222213.04092
2023-06-25,2450489.9309199997,20771723.11,23222213.04092
2023-06-26,4349306.437419999,18952472.68,23301779.11742
2023-06-27,4349306.437419999,19329676.77,23678983.20742
2023-06-28,4349306.437419999,19442834.150000002,23792140.58742
2023-06-29,4349306.437419999,19117912.73,23467219.16742
2023-06-30,4349306.437419999,19099478.89,23448785.32742
2023-07-01,4349306.437419999,19099478.89,23448785.32742
2023-07-02,4349306.437419999,19099478.89,23448785.32742
2023-07-03,4349306.437419999,19503814.14,23853120.57742
2023-07-04,4349306.437419999,19457683.64,23806990.07742
2023-07-05,4349306.437419999,19308495.85,23657802.28742
2023-07-06,4349306.437419999,18936066.26,23285372.69742
2023-07-07,4349306.437419999,18712877.680000003,23062184.117420003
2023-07-08,4349306.437419999,18712877.680000003,23062184.117420003
2023-07-09,4349306.437419999,18712877.680000003,23062184.117420003
2023-07-10,4349306.437419999,18689038.34,23038344.77742
2023-07-11,4349306.437419999,18732803.33,23082109.767419998
2023-07-12,5619883.98982,17450242.02,23070126.00982
2023-07-13,5619883.98982,17783256.700000003,23403140.689820003
2023-07-14,5619883.98982,17757170.720000003,23377054.709820002
2023-07-15,5619883.98982,17757170.720000003,23377054.709820002
2023-07-16,5619883.98982,17757170.720000003,23377054.709820002
2023-07-17,5619883.98982,17757170.720000003,23377054.709820002
2023-07-18,5619883.98982,17258264.79,22878148.77982
2023-07-19,7035696.75968,15782667.819999997,22818364.579679996
2023-07-20,7035696.75968,15689043.26,22724740.01968
2023-07-21,7035696.75968,15728928.120000001,22764624.87968
2023-07-22,7035696.75968,15728928.120000001,22764624.87968
2023-07-23,7035696.75968,15728928.120000001,22764624.87968
2023-07-24,8508558.65264,14015701.57,22524260.22264
2023-07-25,8508558.65264,14490228.110000001,22998786.76264
2023-07-26,5435964.80078,17622238.740000002,23058203.54078
2023-07-27,5435964.80078,18117393.9,23553358.700779997
2023-07-28,2289262.14716,21593966.16,23883228.30716
2023-07-29,2289262.14716,22016868.700000003,24306130.847160004
2023-07-30,2289262.14716,22016868.700000003,24306130.847160004
2023-07-31,2289262.14716,22131184.09,24420446.23716
2023-08-01,657977.6102000002,22936736.16,23594713.7702
2023-08-02,657977.6102000002,22534853.279999997,23192830.890199997
2023-08-03,657977.6102000002,22296136.48,22954114.0902
2023-08-04,657977.6102000002,22536411.72,23194389.330199998
2023-08-05,657977.6102000002,22536411.72,23194389.330199998
2023-08-06,657977.6102000002,22536411.72,23194389.330199998
2023-08-07,0.2822000002488494,22939342.56,22939342.8422
2023-08-08,1389728.9747600001,20709092.42,22098821.39476
2023-08-09,1389728.9747600001,21038938.31,22428667.28476
2023-08-10,1389728.9747600001,20907636.84,22297365.81476
2023-08-11,1389728.9747600001,20510609.79,21900338.76476
2023-08-12,1389728.9747600001,20510609.79,21900338.76476
2023-08-13,1389728.9747600001,20510609.79,21900338.76476
2023-08-14,2745012.17636,19366324.449999996,22111336.626359995
2023-08-15,4474732.69258,17643483.330000002,22118216.02258
2023-08-16,4474732.69258,17090651.54,21565384.23258
2023-08-17,4474732.69258,17131102.56,21605835.25258
2023-08-18,4474732.69258,16444374.089999998,20919106.782579996
2023-08-19,4474732.69258,16444374.089999998,20919106.782579996
2023-08-20,4474732.69258,16444374.089999998,20919106.782579996
2023-08-21,6049672.50058,14517587.610000001,20567260.11058
2023-08-22,6049672.50058,14714584.0,20764256.500579998
2023-08-23,1873374.1845800006,18604421.84,20477796.02458
2023-08-24,3346238.1134600006,17397932.01,20744170.123460002
2023-08-25,1960530.3998000005,18590438.35,20550968.7498
2023-08-26,1960530.3998000005,18594746.58,20555276.979799997
2023-08-27,1960530.3998000005,18594746.58,20555276.979799997
2023-08-28,2018423.8895200004,18470444.270000003,20488868.159520004
2023-08-29,2018423.8895200004,19319365.139999997,21337789.029519998
2023-08-30,2018423.8895200004,18910414.340000004,20928838.229520004
2023-08-31,2018423.8895200004,19147449.549999997,21165873.439519998
2023-09-01,2018423.8895200004,19147449.549999997,21165873.439519998
2023-09-02,2018423.8895200004,19147449.549999997,21165873.439519998
2023-09-03,2018423.8895200004,19147449.549999997,21165873.439519998
2023-09-04,2018423.8895200004,20239552.849999998,22257976.73952
2023-09-05,2018423.8895200004,20648954.89,22667378.77952
2023-09-06,2018423.8895200004,24524904.86,26543328.74952
2023-09-07,2018423.8895200004,23673310.1,25691733.989520002
2023-09-08,2018423.8895200004,23673310.1,25691733.989520002
2023-09-09,2018423.8895200004,23673310.1,25691733.989520002
2023-09-10,2018423.8895200004,23673310.1,25691733.989520002
2023-09-11,2018423.8895200004,25134943.599999994,27153367.489519995
2023-09-12,2018423.8895200004,25221692.39,27240116.27952
2023-09-13,2018423.8895200004,25251873.02,27270296.90952
2023-09-14,2018423.8895200004,24262899.05,26281322.93952
2023-09-15,2018423.8895200004,23728005.220000003,25746429.109520003
2023-09-16,2018423.8895200004,23728005.220000003,25746429.109520003
2023-09-17,2018423.8895200004,23728005.220000003,25746429.109520003
2023-09-18,2018423.8895200004,23393693.759999998,25412117.64952
2023-09-19,3329395.6516000004,21424858.41,24754254.0616
2023-09-20,3329395.6516000004,21065630.25,24395025.9016
2023-09-21,3329395.6516000004,21244012.26,24573407.9116
2023-09-22,3329395.6516000004,21664420.6,24993816.2516
2023-09-23,3329395.6516000004,21664420.6,24993816.2516
2023-09-24,3329395.6516000004,21664420.6,24993816.2516
2023-09-25,3329395.6516000004,19893543.120000005,23222938.771600004
2023-09-26,4774505.7394,17888053.15,22662558.889399998
2023-09-27,4774505.7394,17063145.08,21837650.819399998
2023-09-28,4774505.7394,16874074.36,21648580.0994
2023-09-29,4774505.7394,17232805.04,22007310.7794
2023-09-30,4774505.7394,17232805.04,22007310.7794
2023-10-01,4774505.7394,17232805.04,22007310.7794
2023-10-02,4774505.7394,17232805.04,22007310.7794
2023-10-03,4774505.7394,17174246.17,21948751.9094
2023-10-04,4774505.7394,16871427.740000002,21645933.4794
2023-10-05,5983331.53282,15544511.280000003,21527842.812820002
2023-10-06,5983331.53282,16004723.51,21988055.04282
2023-10-07,5983331.53282,16004723.51,21988055.04282
2023-10-08,5983331.53282,16004723.51,21988055.04282
2023-10-09,5983331.53282,15366930.39,21350261.92282
2023-10-10,5983331.53282,14825498.809999999,20808830.34282
2023-10-11,5983331.53282,15520745.349999998,21504076.88282
2023-10-12,5983331.53282,15535367.89,21518699.42282
2023-10-13,5983331.53282,15405736.370000001,21389067.902820002
2023-10-14,5983331.53282,15405736.370000001,21389067.902820002
2023-10-15,5983331.53282,15405736.370000001,21389067.902820002
2023-10-16,6216341.3293200005,14740639.329999998,20956980.659319997
2023-10-17,6216341.3293200005,15158988.41,21375329.739320002
2023-10-18,6216341.3293200005,14837223.149999999,21053564.479319997
2023-10-19,7561015.62126,13310961.209999999,20871976.83126
2023-10-20,7561015.62126,13151615.969999999,20712631.59126
2023-10-21,7561015.62126,13151615.969999999,20712631.59126
2023-10-22,7561015.62126,13151615.969999999,20712631.59126
2023-10-23,7561015.62126,13151615.969999999,20712631.59126
2023-10-24,7561015.62126,12811257.07,20372272.691260003
2023-10-25,9067276.412560001,11355275.35,20422551.762560003
2023-10-26,9067276.412560001,11235551.79,20302828.20256
2023-10-27,9067276.412560001,11562213.029999997,20629489.44256
2023-10-28,9067276.412560001,11562213.029999997,20629489.44256
2023-10-29,9067276.412560001,11562213.029999997,20629489.44256
2023-10-30,9067276.412560001,11341820.259999998,20409096.67256
2023-10-31,9067276.412560001,11163199.77,20230476.18256
2023-11-01,9701328.18772,10527040.42,20228368.607720003
2023-11-02,9701328.18772,10724978.149999999,20426306.33772
2023-11-03,11653826.1262,8938843.379999999,20592669.5062
2023-11-04,11653826.1262,8938843.379999999,20592669.5062
2023-11-05,11653826.1262,8938843.379999999,20592669.5062
2023-11-06,11653826.1262,9202044.98,20855871.106200002
2023-11-07,11653826.1262,9062957.14,20716783.2662
2023-11-08,11653826.1262,9530468.85,21184294.9762
2023-11-09,11653826.1262,9438532.19,21092358.3162
2023-11-10,11653826.1262,9262358.610000001,20916184.7362
2023-11-11,11653826.1262,9262358.610000001,20916184.7362
2023-11-12,11653826.1262,9262358.610000001,20916184.7362
2023-11-13,12352031.5669,8651471.74,21003503.306900002
2023-11-14,12352031.5669,8551758.49,20903790.056900002
2023-11-15,12352031.5669,8888455.860000001,21240487.4269
2023-11-16,12352031.5669,8681970.46,21034002.0269
2023-11-17,12352031.5669,8590325.7,20942357.2669
2023-11-18,12352031.5669,8590325.7,20942357.2669
2023-11-19,12352031.5669,8590325.7,20942357.2669
2023-11-20,12352031.5669,8723260.25,21075291.8169
2023-11-21,12352031.5669,8572624.93,20924656.4969
2023-11-22,12352031.5669,8542045.06,20894076.626900002
2023-11-23,12352031.5669,8697426.61,21049458.1769
2023-11-24,12352031.5669,8497544.05,20849575.6169
2023-11-25,12352031.5669,8497544.05,20849575.6169
2023-11-26,12352031.5669,8497544.05,20849575.6169
2023-11-27,12352031.5669,8523985.64,20876017.2069
2023-11-28,12352031.5669,8432134.68,20784166.2469
2023-11-29,12352031.5669,8188665.65,20540697.2169
2023-11-30,12352031.5669,8436662.809999999,20788694.3769
2023-12-01,12352031.5669,8239811.490000001,20591843.056900002
2023-12-02,12352031.5669,8239811.490000001,20591843.056900002
2023-12-03,12352031.5669,8239811.490000001,20591843.056900002
2023-12-04,12352031.5669,8382644.499999999,20734676.0669
2023-12-05,12352031.5669,8260403.680000001,20612435.2469
2023-12-06,12352031.5669,8163697.250000001,20515728.8169
2023-12-07,12352031.5669,8137709.850000001,20489741.4169
2023-12-08,13843970.74882,6630198.51,20474169.258819997
2023-12-09,13843970.74882,6630198.51,20474169.258819997
2023-12-10,13843970.74882,6630198.51,20474169.258819997
2023-12-11,13843970.74882,6603326.46,20447297.20882
2023-12-12,13843970.74882,6748049.22,20592019.96882
2023-12-13,13843970.74882,6815655.1,20659625.84882
2023-12-14,13843970.74882,6889306.58,20733277.328819998
2023-12-15,13843970.74882,6941991.100000001,20785961.84882
2023-12-16,13843970.74882,6941991.100000001,20785961.84882
2023-12-17,13843970.74882,6941991.100000001,20785961.84882
2023-12-18,13843970.74882,6907105.49,20751076.23882
2023-12-19,13843970.74882,6926728.630000001,20770699.378820002
2023-12-20,13843970.74882,6900117.090000001,20744087.83882
2023-12-21,13843970.74882,6917371.25,20761341.99882
2023-12-22,13843970.74882,6875834.65,20719805.398819998
2023-12-23,13843970.74882,6875834.65,20719805.398819998
2023-12-24,13843970.74882,6875834.65,20719805.398819998
2023-12-25,13843970.74882,6875834.65,20719805.398819998
2023-12-26,13843970.74882,6875834.65,20719805.398819998
2023-12-27,13843970.74882,7028371.1,20872341.84882
2023-12-28,13843970.74882,7082461.29,20926432.03882
2023-12-29,13843970.74882,7007547.869999999,20851518.618819997
2023-12-30,13843970.74882,7007547.869999999,20851518.618819997
2023-12-31,13843970.74882,7007547.869999999,20851518.618819997
2024-01-01,13843970.74882,7007547.869999999,20851518.618819997
2024-01-02,13843970.74882,6902071.39,20746042.13882
2024-01-03,13843970.74882,6838943.69,20682914.43882
2024-01-04,13843970.74882,6893402.49,20737373.23882
2024-01-05,13843970.74882,6848664.699999999,20692635.44882
2024-01-06,13843970.74882,6848664.699999999,20692635.44882
2024-01-07,13843970.74882,6848664.699999999,20692635.44882
2024-01-08,13843970.74882,6682010.9399999995,20525981.688819997
2024-01-09,13843970.74882,6697753.82,20541724.56882
2024-01-10,13843970.74882,6650804.44,20494775.18882
2024-01-11,13843970.74882,6716530.43,20560501.17882
2024-01-12,13843970.74882,6697818.16,20541788.90882
2024-01-13,13843970.74882,6697818.16,20541788.90882
2024-01-14,13843970.74882,6697818.16,20541788.90882
2024-01-15,13843970.74882,6679928.69,20523899.43882
2024-01-16,13843970.74882,6566263.720000001,20410234.46882
2024-01-17,15869271.629619999,4405140.949999999,20274412.579619996
2024-01-18,17292443.71136,3017163.01,20309606.721359998
2024-01-19,40.286059999023564,20278732.26,20278772.54606
2024-01-20,40.286059999023564,20100176.689999998,20100216.976059996
2024-01-21,40.286059999023564,20100176.689999998,20100216.976059996
2024-01-22,40.286059999023564,19332828.300000004,19332868.586060002
2024-01-23,1469735.006059999,18442460.11,19912195.11606
2024-01-24,139602.55105999904,20748555.17,20888157.72106
2024-01-25,139602.55105999904,21478455.35,21618057.90106
2024-01-26,139602.55105999904,21085529.249999996,21225131.801059995
2024-01-27,139602.55105999904,21085529.249999996,21225131.801059995
2024-01-28,139602.55105999904,21085529.249999996,21225131.801059995
2024-01-29,139602.55105999904,21279408.17,21419010.72106
2024-01-30,139602.55105999904,20606281.62,20745884.17106
2024-01-31,139602.55105999904,20217322.689999998,20356925.241059996
2024-02-01,139602.55105999904,20387256.06,20526858.611059997
2024-02-02,139602.55105999904,20262570.8,20402173.35106
2024-02-03,139602.55105999904,20262570.8,20402173.35106
2024-02-04,139602.55105999904,20262570.8,20402173.35106
2024-02-05,139602.55105999904,20280432.88,20420035.431059998
2024-02-06,139602.55105999904,21393327.38,21532929.931059998
2024-02-07,139602.55105999904,21126908.759999998,21266511.311059996
2024-02-08,139602.55105999904,20998614.300000004,21138216.851060003
2024-02-09,139602.55105999904,20676935.990000002,20816538.54106
2024-02-10,139602.55105999904,20676935.990000002,20816538.54106
2024-02-11,139602.55105999904,20676935.990000002,20816538.54106
2024-02-12,139602.55105999904,20676935.990000002,20816538.54106
2024-02-13,139602.55105999904,20676935.990000002,20816538.54106
2024-02-14,139602.55105999904,20943414.889999997,21083017.441059995
2024-02-15,139602.55105999904,21065434.570000004,21205037.121060003
2024-02-16,139602.55105999904,21882238.1,22021840.65106
2024-02-17,139602.55105999904,21882238.1,22021840.65106
2024-02-18,139602.55105999904,21882238.1,22021840.65106
2024-02-19,139602.55105999904,21445717.460000005,21585320.011060003
2024-02-20,139602.55105999904,21598168.479999997,21737771.031059995
2024-02-21,139602.55105999904,22248494.549999997,22388097.101059996
2024-02-22,139602.55105999904,22692938.120000005,22832540.671060003
2024-02-23,139602.55105999904,22813649.950000003,22953252.50106
2024-02-24,139602.55105999904,22813649.950000003,22953252.50106
2024-02-25,139602.55105999904,22813649.950000003,22953252.50106
2024-02-26,139602.55105999904,22579362.75,22718965.30106
2024-02-27,139602.55105999904,22668417.28,22808019.83106
2024-02-28,139602.55105999904,21895759.92,22035362.47106
2024-02-29,139602.55105999904,21877611.100000005,22017213.651060004
2024-03-01,139602.55105999904,22045815.8,22185418.35106
2024-03-02,139602.55105999904,22045815.8,22185418.35106
2024-03-03,139602.55105999904,22045815.8,22185418.35106
2024-03-04,139602.55105999904,21835292.66,21974895.21106
2024-03-05,139602.55105999904,21221635.990000002,21361238.54106
2024-03-06,139602.55105999904,21707120.130000003,21846722.68106
2024-03-07,139602.55105999904,21412735.83,21552338.381059997
2024-03-08,139602.55105999904,21668853.59,21808456.14106
2024-03-09,139602.55105999904,21668853.59,21808456.14106
2024-03-10,139602.55105999904,21668853.59,21808456.14106
2024-03-11,139602.55105999904,22145778.399999995,22285380.951059993
2024-03-12,139602.55105999904,23052995.39,23192597.94106
2024-03-13,139602.55105999904,22793271.029999997,22932873.581059996
2024-03-14,139602.55105999904,22707310.1,22846912.65106
2024-03-15,139602.55105999904,22369176.380000003,22508778.93106
2024-03-16,139602.55105999904,22369176.380000003,22508778.93106
2024-03-17,139602.55105999904,22369176.380000003,22508778.93106
2024-03-18,139602.55105999904,22239896.139999997,22379498.691059995
2024-03-19,139602.55105999904,21996653.72,22136256.271059997
2024-03-20,139602.55105999904,22175723.95,22315326.501059998
2024-03-21,139602.55105999904,22572449.130000003,22712051.68106
2024-03-22,139602.55105999904,21913014.76,22052617.31106
2024-03-23,139602.55105999904,21913014.76,22052617.31106
2024-03-24,139602.55105999904,21913014.76,22052617.31106
2024-03-25,1204236.017059999,20825566.54,22029802.55706
2024-03-26,1204236.017059999,20916460.919999998,22120696.93706
2024-03-27,1204236.017059999,20581048.389999997,21785284.407059997
2024-03-28,1204236.017059999,21014999.170000006,22219235.187060006
2024-03-29,1204236.017059999,21014999.170000006,22219235.187060006
2024-03-30,1204236.017059999,21014999.170000006,22219235.187060006
2024-03-31,1204236.017059999,21014999.170000006,22219235.187060006
2024-04-01,1204236.017059999,21014999.170000006,22219235.187060006
2024-04-02,1204236.017059999,21655305.49,22859541.50706
2024-04-03,1204236.017059999,21388118.12,22592354.13706
2024-04-04,1204236.017059999,21388118.12,22592354.13706
2024-04-05,1204236.017059999,21252057.07,22456293.08706
2024-04-06,1204236.017059999,21252057.07,22456293.08706
2024-04-07,1204236.017059999,21252057.07,22456293.08706
2024-04-08,1204236.017059999,21194035.55,22398271.56706
2024-04-09,1204236.017059999,21253402.619999997,22457638.637059998
2024-04-10,1204236.017059999,21523820.86,22728056.87706
2024-04-11,1204236.017059999,21374196.35,22578432.367060002
2024-04-12,3691842.413899999,18433663.62,22125506.0339
2024-04-13,3691842.413899999,18433663.62,22125506.0339
2024-04-14,3691842.413899999,18433663.62,22125506.0339
2024-04-15,3691842.413899999,18391018.79,22082861.2039
2024-04-16,3691842.413899999,18070176.11,21762018.5239
2024-04-17,5071012.945099999,16570929.62,21641942.5651
2024-04-18,5071012.945099999,16671685.769999998,21742698.715099998
2024-04-19,6157740.3347,15498223.259999998,21655963.594699997
2024-04-20,6157740.3347,15498223.259999998,21655963.594699997
2024-04-21,6157740.3347,15498223.259999998,21655963.594699997
2024-04-22,7579050.8171,14232853.879999999,21811904.6971
2024-04-23,7579050.8171,14575727.159999998,22154777.9771
2024-04-24,7579050.8171,14893226.36,22472277.1771
2024-04-25,7579050.8171,15039994.7,22619045.5171
2024-04-26,7579050.8171,15405465.82,22984516.6371
2024-04-27,7579050.8171,15405465.82,22984516.6371
2024-04-28,7579050.8171,15405465.82,22984516.6371
2024-04-29,6043724.8442,16933762.75,22977487.5942
2024-04-30,6043724.8442,16822957.99,22866682.8342
2024-05-01,6043724.8442,16822957.99,22866682.8342
2024-05-02,6043724.8442,16998705.05,23042429.8942
2024-05-03,6043724.8442,17354933.669999998,23398658.5142
2024-05-04,6043724.8442,17354933.669999998,23398658.5142
2024-05-05,6043724.8442,17354933.669999998,23398658.5142
2024-05-06,6043724.8442,17416551.1,23460275.9442
2024-05-07,6043724.8442,17252763.38,23296488.2242
2024-05-08,6043724.8442,17054590.65,23098315.4942
2024-05-09,6043724.8442,17331713.49,23375438.3342
2024-05-10,6043724.8442,17892084.52,23935809.3642
2024-05-11,6043724.8442,17892084.52,23935809.3642
2024-05-12,6043724.8442,17892084.52,23935809.3642
2024-05-13,6043724.8442,18019818.299999997,24063543.144199997
2024-05-14,6043724.8442,17982527.900000002,24026252.744200002
2024-05-15,6043724.8442,17982527.900000002,24026252.744200002
2024-05-16,6043724.8442,18268779.220000003,24312504.064200003
2024-05-17,6043724.8442,18481776.66,24525501.5042
2024-05-18,6043724.8442,18481776.66,24525501.5042
2024-05-19,6043724.8442,18481776.66,24525501.5042
2024-05-20,6043724.8442,18514461.439999998,24558186.284199998
2024-05-21,6043724.8442,18347931.460000005,24391656.304200005
2024-05-22,6043724.8442,18324821.61,24368546.4542
2024-05-23,6043724.8442,18153831.1,24197555.9442
2024-05-24,6043724.8442,17910000.540000003,23953725.384200003
2024-05-25,6043724.8442,17910000.540000003,23953725.384200003
2024-05-26,6043724.8442,17910000.540000003,23953725.384200003
2024-05-27,1243529.0049800002,22901969.839999996,24145498.844979998
2024-05-28,2.5662800003774464,24147892.53,24147895.09628
2024-05-29,2.5662800003774464,23747452.779999997,23747455.346279997
2024-05-30,2.5662800003774464,23374668.449999996,23374671.016279995
2024-05-31,2.5662800003774464,23029665.680000003,23029668.246280003
2024-06-01,2.5662800003774464,23029665.680000003,23029668.246280003
2024-06-02,2.5662800003774464,23029665.680000003,23029668.246280003
2024-06-03,2.5662800003774464,23440680.84,23440683.40628
2024-06-04,2.5662800003774464,23342737.979999997,23342740.546279997
2024-06-05,2.5662800003774464,23206336.409999996,23206338.976279996
2024-06-06,2.5662800003774464,23246661.809999995,23246664.376279995
2024-06-07,2.5662800003774464,23204178.389999997,23204180.956279997
2024-06-08,2.5662800003774464,23204178.389999997,23204180.956279997
2024-06-09,2.5662800003774464,23204178.389999997,23204180.956279997
2024-06-10,2.5662800003774464,23204178.389999997,23204180.956279997
2024-06-11,2.5662800003774464,22992778.39,22992780.95628
2024-06-12,2.5662800003774464,22613985.330000002,22613987.89628
2024-06-13,3211949.51884,19558717.44,22770666.95884
2024-06-14,169796.09632,22511249.570000004,22681045.666320004
2024-06-15,169796.09632,22537607.310000002,22707403.406320002
2024-06-16,169796.09632,22537607.310000002,22707403.406320002
2024-06-17,169796.09632,22550148.459999997,22719944.556319997
2024-06-18,1836601.10572,20754488.480000004,22591089.585720003
2024-06-19,2991998.32572,20233224.44,23225222.765720002
2024-06-20,2991998.32572,20027845.65,23019843.97572
2024-06-21,4142221.1200200003,18571083.91,22713305.03002
2024-06-22,4142221.1200200003,18571083.91,22713305.03002
2024-06-23,4142221.1200200003,18571083.91,22713305.03002
2024-06-24,4142221.1200200003,18710118.2,22852339.320019998
2024-06-25,4142221.1200200003,18944509.880000003,23086731.000020005
2024-06-26,2600028.7116600005,20689647.979999997,23289676.69166
2024-06-27,2600028.7116600005,20354971.950000003,22955000.661660004
2024-06-28,2600028.7116600005,20243239.98,22843268.691660002
2024-06-29,2600028.7116600005,20243239.98,22843268.691660002
2024-06-30,2600028.7116600005,20243239.98,22843268.691660002
2024-07-01,2600028.7116600005,20243239.98,22843268.691660002
2024-07-02,2600028.7116600005,20456847.110000003,23056875.821660005
2024-07-03,1059836.2351800005,22298311.45,23358147.68518
2024-07-04,27.498480000533164,23628462.48,23628489.97848
2024-07-05,27.498480000533164,23245816.33,23245843.828479998
2024-07-06,27.498480000533164,23245816.33,23245843.828479998
2024-07-07,27.498480000533164,23245816.33,23245843.828479998
2024-07-08,27.498480000533164,22962842.53,22962870.02848
2024-07-09,27.498480000533164,22854714.410000004,22854741.908480003
2024-07-10,57242.26896000048,22741513.010000005,22798755.278960004
2024-07-11,57242.26896000048,23136192.339999996,23193434.608959995
2024-07-12,48.359460000479885,23583606.880000006,23583655.239460006
2024-07-13,48.359460000479885,23583902.630000006,23583950.989460006
2024-07-14,48.359460000479885,23583902.630000006,23583950.989460006
2024-07-15,48.359460000479885,23157110.290000003,23157158.649460003
2024-07-16,48.359460000479885,22940682.5,22940730.85946
2024-07-17,48.359460000479885,23029351.779999997,23029400.139459997
2024-07-18,48.359460000479885,22954580.980000004,22954629.339460004
2024-07-19,48.359460000479885,22493990.900000006,22494039.259460006
2024-07-20,48.359460000479885,22493990.900000006,22494039.259460006
2024-07-21,48.359460000479885,22493990.900000006,22494039.259460006
2024-07-22,1970875.0170400003,20879281.09,22850156.10704
2024-07-23,444486.53344000014,22233391.720000003,22677878.253440004
2024-07-24,444486.53344000014,21773078.44,22217564.973440003
2024-07-25,444486.53344000014,21383001.58,21827488.11344
2024-07-26,444486.53344000014,21438964.91,21883451.44344
2024-07-27,444486.53344000014,21438964.91,21883451.44344
2024-07-28,444486.53344000014,21438964.91,21883451.44344
2024-07-29,1876178.8106400003,20090915.73,21967094.54064
2024-07-30,408777.3656400002,21202713.29,21611490.65564
2024-07-31,1280507.1122400002,20850722.73,22131229.842240002
2024-08-01,22.254240000154823,21961205.439999998,21961227.694239996
2024-08-02,22.254240000154823,21408282.839999996,21408305.094239995
2024-08-03,22.254240000154823,21408282.839999996,21408305.094239995
2024-08-04,22.254240000154823,21408282.839999996,21408305.094239995
2024-08-05,1027324.7318400003,19953380.169999998,20980704.901839998
2024-08-06,1080453.2618400003,19786728.330000002,20867181.591840003
2024-08-07,2954556.5338600003,17977072.799999997,20931629.33386
2024-08-08,2954556.5338600003,18023481.509999998,20978038.04386
2024-08-09,4374972.50886,16920705.65,21295678.158859998
2024-08-10,4374972.50886,16920705.65,21295678.158859998
2024-08-11,4374972.50886,16920705.65,21295678.158859998
2024-08-12,4374972.50886,16987440.63,21362413.13886
2024-08-13,6394038.28486,15015651.489999998,21409689.77486
2024-08-14,7788499.67306,13497266.389999999,21285766.06306
2024-08-15,7788499.67306,13657530.82,21446030.49306
2024-08-16,7788499.67306,13748844.160000002,21537343.833060004
2024-08-17,7788499.67306,13748844.160000002,21537343.833060004
2024-08-18,7788499.67306,13748844.160000002,21537343.833060004
2024-08-19,7788499.67306,13885907.07,21674406.74306
2024-08-20,7788499.67306,13863363.23,21651862.90306
2024-08-21,7788499.67306,13846276.129999999,21634775.80306
2024-08-22,7788499.67306,14152938.739999998,21941438.41306
2024-08-23,7788499.67306,13874144.5,21662644.17306
2024-08-24,7788499.67306,13874144.5,21662644.17306
2024-08-25,7788499.67306,13874144.5,21662644.17306
2024-08-26,6341468.98826,15366565.950000001,21708034.93826
2024-08-27,3441286.6010600002,18425984.509999998,21867271.111059997
2024-08-28,1980556.1714600003,19548232.51,21528788.68146
2024-08-29,1980556.1714600003,19433363.04,21413919.211459998
2024-08-30,1980556.1714600003,19644092.69,21624648.86146
2024-08-31,1980556.1714600003,19644092.69,21624648.86146
2024-09-01,1980556.1714600003,19644092.69,21624648.86146
2024-09-02,1980556.1714600003,19313759.259999998,21294315.431459997
2024-09-03,1964805.9874600004,19247983.08,21212789.06746
2024-09-04,1964805.9874600004,19098972.32,21063778.307460003
2024-09-05,1819675.3768600007,19280149.91,21099825.28686
2024-09-06,1819675.3768600007,19293224.81,21112900.18686
2024-09-07,1819675.3768600007,19293224.81,21112900.18686
2024-09-08,1819675.3768600007,19293224.81,21112900.18686
2024-09-09,14.218660000478849,20795806.28,20795820.498660002
2024-09-10,1316536.3976600005,19442884.169999998,20759420.56766
2024-09-11,1192449.3002000004,19454333.630000003,20646782.930200003
2024-09-12,1192449.3002000004,19482877.83,20675327.1302
2024-09-13,0.28244000021368265,20755128.69,20755128.97244
2024-09-14,0.28244000021368265,20755128.69,20755128.97244
2024-09-15,0.28244000021368265,20755128.69,20755128.97244
2024-09-16,0.28244000021368265,20849441.34,20849441.62244
2024-09-17,0.28244000021368265,21132328.33,21132328.612439997
2024-09-18,0.28244000021368265,21132328.33,21132328.612439997
2024-09-19,0.28244000021368265,21636957.35,21636957.63244
2024-09-20,0.28244000021368265,22165258.9,22165259.182439998
2024-09-21,0.28244000021368265,22165258.9,22165259.182439998
2024-09-22,0.28244000021368265,22165258.9,22165259.182439998
2024-09-23,0.28244000021368265,22313119.99,22313120.272439998
2024-09-24,0.28244000021368265,23139742.389999997,23139742.672439996
2024-09-25,0.28244000021368265,23377740.759999998,23377741.042439997
2024-09-26,0.28244000021368265,24535953.48,24535953.76244
2024-09-27,0.28244000021368265,25392412.78,25392413.06244
2024-09-28,0.28244000021368265,25392412.78,25392413.06244
2024-09-29,0.28244000021368265,25392412.78,25392413.06244
2024-09-30,0.28244000021368265,26648130.399999995,26648130.682439994
2024-10-01,0.28244000021368265,26648130.399999995,26648130.682439994
2024-10-02,0.28244000021368265,28524664.18,28524664.46244
2024-10-03,0.28244000021368265,27629779.62,27629779.90244
2024-10-04,0.28244000021368265,29336685.430000003,29336685.712440003
2024-10-05,0.28244000021368265,29336685.430000003,29336685.712440003
2024-10-06,0.28244000021368265,29336685.430000003,29336685.712440003
2024-10-07,0.28244000021368265,30295839.87,30295840.15244
2024-10-08,0.28244000021368265,26962015.61,26962015.89244
2024-10-09,0.28244000021368265,26237953.94,26237954.22244
2024-10-10,0.28244000021368265,26805310.849999994,26805311.132439993
2024-10-11,0.28244000021368265,26805310.849999994,26805311.132439993
2024-10-12,0.28244000021368265,26805310.849999994,26805311.132439993
2024-10-13,0.28244000021368265,26805310.849999994,26805311.132439993
2024-10-14,0.28244000021368265,26568282.48,26568282.76244
2024-10-15,0.28244000021368265,25436231.31,25436231.592439998
2024-10-16,0.28244000021368265,25322147.03,25322147.31244
2024-10-17,0.28244000021368265,24944246.19,24944246.47244
2024-10-18,0.28244000021368265,26158009.06,26158009.342439998
2024-10-19,0.28244000021368265,26158009.06,26158009.342439998
2024-10-20,0.28244000021368265,26158009.06,26158009.342439998
2024-10-21,0.28244000021368265,25777574.89,25777575.17244
2024-10-22,0.28244000021368265,25974560.580000002,25974560.86244
2024-10-23,0.28244000021368265,26257867.22,26257867.502439998
2024-10-24,0.28244000021368265,25745394.79,25745395.07244
2024-10-25,2979361.6184400003,22999092.210000005,25978453.828440003
2024-10-26,2979361.6184400003,22999092.210000005,25978453.828440003
2024-10-27,2979361.6184400003,22999092.210000005,25978453.828440003
2024-10-28,2979361.6184400003,22957410.120000005,25936771.738440007
2024-10-29,2979361.6184400003,22845089.740000002,25824451.358440004
2024-10-30,2979361.6184400003,22579779.46,25559141.078440003
2024-10-31,2979361.6184400003,22500786.19,25480147.80844
2024-11-01,1356750.87348,23921540.41,25278291.28348
2024-11-02,1356750.87348,23969381.59,25326132.46348
2024-11-03,1356750.87348,23969381.59,25326132.46348
2024-11-04,4.39668000000529,25385286.369999997,25385290.76668
2024-11-05,4.39668000000529,26115840.019999996,26115844.416679997
2024-11-06,4.39668000000529,25655277.25,25655281.64668
2024-11-07,369109.82644,25794715.580000002,26163825.40644
2024-11-08,369109.82644,25582697.130000003,25951806.95644
2024-11-09,369109.82644,25582697.130000003,25951806.95644
2024-11-10,369109.82644,25582697.130000003,25951806.95644
2024-11-11,232599.9786400001,25561714.259999998,25794314.23864
2024-11-12,732969.6856400003,24162888.939999998,24895858.625639997
2024-11-13,732969.6856400003,24233932.169999998,24966901.855639998
2024-11-14,2475570.30004,21709909.04,24185479.34004
2024-11-15,3817606.3242999995,20518652.96,24336259.2843
2024-11-16,3817606.3242999995,20521897.11,24339503.434299998
2024-11-17,3817606.3242999995,20521897.11,24339503.434299998
2024-11-18,15.9634599997662,24519704.100000005,24519720.063460004
2024-11-19,15.9634599997662,24775269.7,24775285.663459998
2024-11-20,15.9634599997662,24872198.46,24872214.42346
2024-11-21,15.9634599997662,24931819.499999996,24931835.463459995
2024-11-22,2011230.2738599996,22717303.190000005,24728533.463860005
2024-11-23,2011230.2738599996,22717303.190000005,24728533.463860005
2024-11-24,2011230.2738599996,22717303.190000005,24728533.463860005
2024-11-25,2011230.2738599996,22688079.439999998,24699309.713859998
2024-11-26,361317.19417999964,24051988.82,24413306.01418
2024-11-27,361317.19417999964,24545789.520000003,24907106.714180004
2024-11-28,361317.19417999964,24247440.17,24608757.364180002
2024-11-29,1767972.4657399997,22905099.230000004,24673071.695740003
2024-11-30,1767972.4657399997,22905099.230000004,24673071.695740003
2024-12-01,1767972.4657399997,22905099.230000004,24673071.695740003
2024-12-02,119812.84597999952,25100675.089999996,25220487.935979996
2024-12-03,119812.84597999952,25442401.56,25562214.40598
2024-12-04,119812.84597999952,25399867.090000004,25519679.935980003
2024-12-05,119812.84597999952,25393910.610000003,25513723.455980003
2024-12-06,119812.84597999952,25819983.359999996,25939796.205979995
2024-12-07,119812.84597999952,25819983.359999996,25939796.205979995
2024-12-08,119812.84597999952,25819983.359999996,25939796.205979995
2024-12-09,119812.84597999952,26809346.22,26929159.06598
2024-12-10,119812.84597999952,26237635.18,26357448.02598
2024-12-11,119812.84597999952,26094097.55999999,26213910.40597999
2024-12-12,119812.84597999952,26391595.180000003,26511408.025980003
2024-12-13,119812.84597999952,26075912.360000003,26195725.205980003
2024-12-14,119812.84597999952,26075912.360000003,26195725.205980003
2024-12-15,119812.84597999952,26075912.360000003,26195725.205980003
2024-12-16,1673372.7993799993,24294954.55,25968327.34938
2024-12-17,1673372.7993799993,24183740.76,25857113.559380002
2024-12-18,1673372.7993799993,24476118.309999995,26149491.109379996
2024-12-19,0.7453999991994351,26078487.55999999,26078488.30539999
2024-12-20,0.7453999991994351,26109339.08,26109339.8254
2024-12-21,0.7453999991994351,26109339.08,26109339.8254
2024-12-22,0.7453999991994351,26109339.08,26109339.8254
2024-12-23,0.7453999991994351,26290988.360000003,26290989.105400003
2024-12-24,0.7453999991994351,26842296.63,26842297.3754
2024-12-25,0.7453999991994351,26842296.63,26842297.3754
2024-12-26,0.7453999991994351,26842296.63,26842297.3754
2024-12-27,0.7453999991994351,27243449.479999997,27243450.225399997
2024-12-28,0.7453999991994351,27243449.479999997,27243450.225399997
2024-12-29,0.7453999991994351,27243449.479999997,27243450.225399997
2024-12-30,0.7453999991994351,27108654.410000004,27108655.155400004
2024-12-31,0.7453999991994351,26952988.06,26952988.8054
2025-01-01,0.7453999991994351,26952988.06,26952988.8054
2025-01-02,0.7453999991994351,26017881.23,26017881.9754
2025-01-03,1620503.365159999,24746745.09,26367248.45516
2025-01-04,1620503.365159999,24746745.09,26367248.45516
2025-01-05,1620503.365159999,24746745.09,26367248.45516
2025-01-06,1020092.138599999,25301604.75,26321696.8886
2025-01-07,0.1768999989144504,26008937.39,26008937.5669
2025-01-08,0.1768999989144504,25568640.529999994,25568640.706899993
2025-01-09,1447234.9567999989,24087225.299999997,25534460.256799996
2025-01-10,1062171.9782799992,24121901.129999995,25184073.108279996
2025-01-11,1062171.9782799992,24064576.389999997,25126748.368279997
2025-01-12,1062171.9782799992,24064576.389999997,25126748.368279997
2025-01-13,2968623.9332799995,21878369.69,24846993.62328
2025-01-14,5.066319999750704,25335183.11,25335188.176319998
2025-01-15,5.066319999750704,25215905.13,25215910.196319997
2025-01-16,5.066319999750704,25435704.01,25435709.07632
2025-01-17,5.066319999750704,25502312.93,25502317.996319998
2025-01-18,5.066319999750704,25502312.93,25502317.996319998
2025-01-19,5.066319999750704,25502312.93,25502317.996319998
2025-01-20,5.066319999750704,25683851.64,25683856.70632
2025-01-21,5.066319999750704,26196112.12,26196117.18632
2025-01-22,5.066319999750704,25921933.07,25921938.13632
2025-01-23,5.066319999750704,25841843.709999997,25841848.776319996
2025-01-24,5.066319999750704,26623048.369999997,26623053.436319996
2025-01-25,5.066319999750704,26623048.369999997,26623053.436319996
2025-01-26,5.066319999750704,26623048.369999997,26623053.436319996
2025-01-27,5.066319999750704,26717515.21,26717520.27632
2025-01-28,5.066319999750704,26545698.32,26545703.38632
2025-01-29,5.066319999750704,26545698.32,26545703.38632
2025-01-30,5.066319999750704,26545698.32,26545703.38632
2025-01-31,5.066319999750704,26545698.32,26545703.38632
2025-02-01,5.066319999750704,26545698.32,26545703.38632
2025-02-02,5.066319999750704,26545698.32,26545703.38632
2025-02-03,5.066319999750704,26526486.36,26526491.426319998
2025-02-04,1713348.2728,25778255.51,27491603.7828
2025-02-05,1713348.2728,25663358.47,27376706.742799997
2025-02-06,1713348.2728,26862083.310000006,28575431.582800005
2025-02-07,1713348.2728,27535680.890000004,29249029.162800003
2025-02-08,1713348.2728,27535680.890000004,29249029.162800003
2025-02-09,1713348.2728,27535680.890000004,29249029.162800003
2025-02-10,1713348.2728,27909831.800000004,29623180.072800003
2025-02-11,1713348.2728,27542165.599999994,29255513.872799993
2025-02-12,1713348.2728,28717651.74,30431000.012799997
2025-02-13,5.977899999823421,29625448.839999992,29625454.81789999
2025-02-14,5.977899999823421,30770365.020000003,30770370.9979
2025-02-15,5.977899999823421,30770365.020000003,30770370.9979
2025-02-16,5.977899999823421,30770365.020000003,30770370.9979
2025-02-17,5.977899999823421,30666421.330000002,30666427.3079
2025-02-18,5.977899999823421,31140642.82,31140648.7979
2025-02-19,5.977899999823421,31397002.689999998,31397008.667899996
2025-02-20,5.977899999823421,30991093.979999997,30991099.957899995
2025-02-21,5.977899999823421,32244638.67,32244644.6479
2025-02-22,5.977899999823421,32244638.67,32244644.6479
2025-02-23,5.977899999823421,32244638.67,32244644.6479
2025-02-24,5.977899999823421,31922436.760000005,31922442.737900004
2025-02-25,5.977899999823421,31641808.599999998,31641814.577899996
2025-02-26,5.977899999823421,32477982.68,32477988.657899998
2025-02-27,5.977899999823421,32399213.769999996,32399219.747899994
2025-02-28,5.977899999823421,30871710.77,30871716.747899998
2025-03-01,5.977899999823421,30871710.77,30871716.747899998
2025-03-02,5.977899999823421,30871710.77,30871716.747899998
2025-03-03,5.977899999823421,30669926.220000003,30669932.1979
2025-03-04,5.977899999823421,30528292.92,30528298.8979
2025-03-05,5.977899999823421,31612913.8,31612919.7779
2025-03-06,5.977899999823421,32182424.770000003,32182430.7479
2025-03-07,5.977899999823421,32049924.31,32049930.287899997
2025-03-08,5.977899999823421,32049924.31,32049930.287899997
2025-03-09,5.977899999823421,32049924.31,32049930.287899997
2025-03-10,5.977899999823421,31490872.020000003,31490877.9979
2025-03-11,5.977899999823421,31807445.520000003,31807451.4979
2025-03-12,5.977899999823421,31530894.03,31530900.0079
2025-03-13,5.977899999823421,31330990.30000001,31330996.277900007
2025-03-14,5.977899999823421,31777573.509999998,31777579.487899996
2025-03-15,5.977899999823421,31777573.509999998,31777579.487899996
2025-03-16,5.977899999823421,31777573.509999998,31777579.487899996
2025-03-17,5.977899999823421,32105895.46,32105901.4379
2025-03-18,5.977899999823421,32810358.079999994,32810364.057899993
2025-03-19,5.977899999823421,32787063.85,32787069.8279
2025-03-20,5.977899999823421,32237789.6,32237795.5779
2025-03-21,5.977899999823421,31422667.29,31422673.267899998
2025-03-22,5.977899999823421,31422667.29,31422673.267899998
2025-03-23,5.977899999823421,31422667.29,31422673.267899998
2025-03-24,5.977899999823421,31753993.099999998,31753999.077899996
2025-03-25,5.977899999823421,30518399.599999998,30518405.577899996
2025-03-26,2415680.3969999994,28297063.759999998,30712744.156999998
2025-03-27,364070.7878399992,30214598.790000003,30578669.57784
2025-03-28,364070.7878399992,29876172.78,30240243.56784
2025-03-29,364070.7878399992,29876172.78,30240243.56784
2025-03-30,364070.7878399992,29876172.78,30240243.56784
2025-03-31,364070.7878399992,29443850.660000004,29807921.44784
2025-04-01,2290650.1074399995,27543627.529999997,29834277.637439996
2025-04-02,297729.00099999947,29679016.599999994,29976745.600999992
2025-04-03,297729.00099999947,29621911.29,29919640.290999997
2025-04-04,297729.00099999947,29621911.29,29919640.290999997
2025-04-05,297729.00099999947,29621911.29,29919640.290999997
2025-04-06,297729.00099999947,29621911.29,29919640.290999997
2025-04-07,2019046.9659999995,23880836.160000004,25899883.126000002
2025-04-08,13040065.356799997,13437151.17,26477216.5268
2025-04-09,659381.4829399963,26110984.409999996,26770365.892939992
2025-04-10,659381.4829399963,27145648.62,27805030.102939997
2025-04-11,659381.4829399963,27529558.100000005,28188939.58294
2025-04-12,659381.4829399963,27529558.100000005,28188939.58294
2025-04-13,659381.4829399963,27529558.100000005,28188939.58294
2025-04-14,659381.4829399963,27895628.36,28555009.842939995
2025-04-15,659381.4829399963,28061957.83,28721339.312939994
2025-04-16,659381.4829399963,27651806.5,28311187.982939996
2025-04-17,659381.4829399963,27842603.73,28501985.212939996
2025-04-18,659381.4829399963,27842603.73,28501985.212939996
2025-04-19,659381.4829399963,27842603.73,28501985.212939996
2025-04-20,659381.4829399963,27842603.73,28501985.212939996
2025-04-21,659381.4829399963,27842603.73,28501985.212939996
2025-04-22,659381.4829399963,27978720.330000002,28638101.812939998
2025-04-23,2870112.520219996,26009766.22,28879878.740219995
2025-04-24,2870112.520219996,25957869.330000002,28827981.85022
2025-04-25,944403.7902199961,27869603.67,28814007.460219998
2025-04-26,944403.7902199961,27841649.270000003,28786053.06022
2025-04-27,944403.7902199961,27841649.270000003,28786053.06022
2025-04-28,944403.7902199961,27479565.02,28423968.810219996
2025-04-29,944403.7902199961,27530672.389999997,28475076.180219993
2025-04-30,944403.7902199961,27601140.84,28545544.630219996
2025-05-01,944403.7902199961,27601140.84,28545544.630219996
2025-05-02,944403.7902199961,28029870.05,28974273.840219997
2025-05-03,944403.7902199961,28029870.05,28974273.840219997
2025-05-04,944403.7902199961,28029870.05,28974273.840219997
2025-05-05,944403.7902199961,28029870.05,28974273.840219997
2025-05-06,944403.7902199961,27808854.04,28753257.830219995
2025-05-07,944403.7902199961,27848832.09,28793235.880219996
2025-05-08,944403.7902199961,28088921.840000004,29033325.63022
2025-05-09,944403.7902199961,28086924.1,29031327.890219998
2025-05-10,944403.7902199961,28086924.1,29031327.890219998
2025-05-11,944403.7902199961,28086924.1,29031327.890219998
2025-05-12,944403.7902199961,28632077.870000005,29576481.66022
2025-05-13,944403.7902199961,28213199.84,29157603.630219996
2025-05-14,944403.7902199961,28631796.869999997,29576200.660219993
2025-05-15,944403.7902199961,28634351.54,29578755.330219995
2025-05-16,944403.7902199961,28515105.779999997,29459509.570219994
2025-05-17,944403.7902199961,28515105.779999997,29459509.570219994
2025-05-18,944403.7902199961,28515105.779999997,29459509.570219994
2025-05-19,944403.7902199961,28349436.560000002,29293840.35022
2025-05-20,944403.7902199961,28809979.209999997,29754383.000219993
2025-05-21,2603763.0808999958,27323213.14,29926976.220899995
2025-05-22,2603763.0808999958,26950436.589999996,29554199.67089999
2025-05-23,4024527.0584999956,25675520.42,29700047.478499997
2025-05-24,4024527.0584999956,25675520.42,29700047.478499997
2025-05-25,4024527.0584999956,25675520.42,29700047.478499997
2025-05-26,2040602.1284999957,27502359.21,29542961.338499997
2025-05-27,2040602.1284999957,27562299.619999997,29602901.748499993
2025-05-28,63129.95825999556,29437453.770000003,29500583.72826
2025-05-29,63129.95825999556,29704093.190000005,29767223.14826
2025-05-30,63129.95825999556,29438332.85,29501462.808259998
2025-05-31,63129.95825999556,29438332.85,29501462.808259998
2025-06-01,63129.95825999556,29438332.85,29501462.808259998
2025-06-02,63129.95825999556,29095417.020000003,29158546.97826
2025-06-03,1763136.0923399955,27587225.37,29350361.462339997
2025-06-04,1763136.0923399955,27896433.62,29659569.712339997
2025-06-05,4.076759995426983,29893349.77,29893353.846759994
2025-06-06,4.076759995426983,30086420.19,30086424.266759995
2025-06-07,4.076759995426983,30086420.19,30086424.266759995
2025-06-08,4.076759995426983,30086420.19,30086424.266759995
2025-06-09,4.076759995426983,30510081.03,30510085.106759995
2025-06-10,4.076759995426983,30949885.929999996,30949890.00675999
2025-06-11,4.076759995426983,31329087.579999994,31329091.65675999
2025-06-12,4.076759995426983,31547069.180000003,31547073.256759997
2025-06-13,3708422.5763599956,27564386.15,31272808.726359993
2025-06-14,3708422.5763599956,27564386.15,31272808.726359993
2025-06-15,3708422.5763599956,27564386.15,31272808.726359993
2025-06-16,3708422.5763599956,27691977.080000002,31400399.656359997
2025-06-17,25.93705999548547,31043111.22,31043137.157059994
2025-06-18,25.93705999548547,30782450.33,30782476.267059993
2025-06-19,25.93705999548547,29905754.61,29905780.547059994
2025-06-20,3713866.890019995,26533934.7,30247801.590019993
2025-06-21,3713866.890019995,26533934.7,30247801.590019993
2025-06-22,3713866.890019995,26533934.7,30247801.590019993
2025-06-23,91.25419999542646,30612043.4,30612134.654199995
2025-06-24,91.25419999542646,31451721.109999996,31451812.364199992
2025-06-25,91.25419999542646,31966840.010000005,31966931.264200002
2025-06-26,91.25419999542646,31494392.590000004,31494483.8442
2025-06-27,91.25419999542646,31351138.979999997,31351230.234199993
2025-06-28,91.25419999542646,31351138.979999997,31351230.234199993
2025-06-29,91.25419999542646,31351138.979999997,31351230.234199993
2025-06-30,1773315.1991999955,29182310.229999997,30955625.429199994
2025-07-01,1773315.1991999955,29182310.229999997,30955625.429199994
2025-07-02,1773315.1991999955,28902719.51,30676034.7092
2025-07-03,5.458799995249137,30786639.389999997,30786644.848799992
2025-07-04,5.458799995249137,30996022.2,30996027.658799995
2025-07-05,5.458799995249137,30996022.2,30996027.658799995
2025-07-06,5.458799995249137,30996022.2,30996027.658799995
2025-07-07,5.458799995249137,30971742.060000002,30971747.518799998
2025-07-08,1928488.6629999953,29177552.080000002,31106040.742999997
2025-07-09,7.519239995395765,31103155.03999999,31103162.559239987
2025-07-10,7.519239995395765,31032276.1,31032283.619239997
2025-07-11,7.519239995395765,31285046.279999997,31285053.799239993
2025-07-12,7.519239995395765,31285046.279999997,31285053.799239993
2025-07-13,7.519239995395765,31285046.279999997,31285053.799239993
2025-07-14,7.519239995395765,31858591.4,31858598.919239994
2025-07-15,7.519239995395765,32650275.029999994,32650282.54923999
2025-07-16,7.519239995395765,32531866.75,32531874.269239996
2025-07-17,7.519239995395765,32897913.34,32897920.859239995
2025-07-18,1953282.3508199954,31890160.72,33843443.07082
2025-07-19,1953282.3508199954,31890160.72,33843443.07082
2025-07-20,1953282.3508199954,31890160.72,33843443.07082
2025-07-21,1953282.3508199954,31812670.000000004,33765952.35082
2025-07-22,5.194019995164126,33986919.47,33986924.664019994
2025-07-23,5.194019995164126,34198792.599999994,34198797.79401999
2025-07-24,5.194019995164126,34421844.88,34421850.07402
2025-07-25,5.194019995164126,34455837.019999996,34455842.21401999
2025-07-26,5.194019995164126,34455837.019999996,34455842.21401999
2025-07-27,5.194019995164126,34455837.019999996,34455842.21401999
2025-07-28,5.194019995164126,34547027.129999995,34547032.32401999
2025-07-29,5.194019995164126,34747761.61,34747766.804019995
2025-07-30,5.194019995164126,34463275.370000005,34463280.56402
2025-07-31,5.194019995164126,34389655.00000001,34389660.19402
2025-08-01,5.194019995164126,33798818.28,33798823.47402
2025-08-02,5.194019995164126,33798818.28,33798823.47402
2025-08-03,5.194019995164126,33798818.28,33798823.47402
2025-08-04,5.194019995164126,34632009.2,34632014.39402
2025-08-05,5.194019995164126,35156990.7,35156995.89402
2025-08-06,5.194019995164126,35209941.39999999,35209946.59401999
2025-08-07,1601900.582819995,33660952.2,35262852.78282
2025-08-08,21.51941999513656,35192390.870000005,35192412.38942
2025-08-09,21.51941999513656,35183841.77,35183863.28942
2025-08-10,21.51941999513656,35183841.77,35183863.28942
2025-08-11,21.51941999513656,35542148.27,35542169.78942
2025-08-12,21.51941999513656,35967548.21,35967569.72942
2025-08-13,2047448.459419995,34645869.51,36693317.96941999
2025-08-14,218.17141999513842,37218278.18,37218496.35141999
2025-08-15,218.17141999513842,37175985.74,37176203.911419995
2025-08-16,218.17141999513842,37175985.74,37176203.911419995
2025-08-17,218.17141999513842,37175985.74,37176203.911419995
2025-08-18,218.17141999513842,37617496.36,37617714.53141999
2025-08-19,1968078.1741999954,35812773.31999999,37780851.49419999
2025-08-20,32.53939999546856,37484247.76999999,37484280.309399985
2025-08-21,32.53939999546856,37086275.10000001,37086307.639400005
2025-08-22,32.53939999546856,38068761.489999995,38068794.02939999
2025-08-23,32.53939999546856,38068761.489999995,38068794.02939999
2025-08-24,32.53939999546856,38068761.489999995,38068794.02939999
2025-08-25,32.53939999546856,38596729.28,38596761.8194
2025-08-26,32.53939999546856,38352228.839999996,38352261.37939999
2025-08-27,32.53939999546856,37716934.13,37716966.6694
2025-08-28,32.53939999546856,38237624.32,38237656.8594
2025-08-29,32.53939999546856,38221146.82,38221179.3594
2025-08-30,32.53939999546856,38221146.82,38221179.3594
2025-08-31,32.53939999546856,38221146.82,38221179.3594
2025-09-01,32.53939999546856,39240737.60000001,39240770.139400005
2025-09-02,32.53939999546856,38320514.440000005,38320546.9794
2025-09-03,32.53939999546856,38630489.43,38630521.969399996
2025-09-04,32.53939999546856,38466314.27,38466346.8094
2025-09-05,1878463.2691599955,37877901.95,39756365.21916
2025-09-06,1878463.2691599955,37877901.95,39756365.21916
2025-09-07,1878463.2691599955,37877901.95,39756365.21916
2025-09-08,0.2219199954997748,39590466.29,39590466.51192
2025-09-09,0.2219199954997748,39931228.150000006,39931228.371920004
2025-09-10,0.2219199954997748,40701791.519999996,40701791.741919994
2025-09-11,0.2219199954997748,40729033.57,40729033.79192
2025-09-12,0.2219199954997748,40784860.33,40784860.55192
2025-09-13,0.2219199954997748,40784860.33,40784860.55192
2025-09-14,0.2219199954997748,40784860.33,40784860.55192
2025-09-15,0.2219199954997748,40559202.85,40559203.07192
2025-09-16,0.2219199954997748,40233735.11,40233735.33192
2025-09-17,0.2219199954997748,40575242.03,40575242.25192
2025-09-18,0.2219199954997748,40377787.550000004,40377787.77192
2025-09-19,0.2219199954997748,41021826.74000001,41021826.96192001
2025-09-20,0.2219199954997748,41021826.74000001,41021826.96192001
2025-09-21,0.2219199954997748,41021826.74000001,41021826.96192001
2025-09-22,0.2219199954997748,41250451.75999999,41250451.98191999
2025-09-23,3005251.3545599952,38298720.83,41303972.18455999
2025-09-24,246155.07635999518,41333776.42,41579931.49636
2025-09-25,246155.07635999518,42311644.34,42557799.41636
2025-09-26,2407928.714659995,39107718.47,41515647.184659995
2025-09-27,2407928.714659995,39107718.47,41515647.184659995
2025-09-28,2407928.714659995,39107718.47,41515647.184659995
2025-09-29,0.871459994930774,42230792.830000006,42230793.701460004
2025-09-30,0.871459994930774,43841531.5,43841532.37146
2025-10-01,0.871459994930774,43841531.5,43841532.37146
2025-10-02,0.871459994930774,44271301.23,44271302.101459995
2025-10-03,0.871459994930774,44138046.90999999,44138047.78145999
2025-10-04,0.871459994930774,44138046.90999999,44138047.78145999
2025-10-05,0.871459994930774,44138046.90999999,44138047.78145999
2025-10-06,0.871459994930774,44178806.64999999,44178807.52145999
2025-10-07,0.871459994930774,44178806.64999999,44178807.52145999
2025-10-08,0.871459994930774,43811549.739999995,43811550.61145999
2025-10-09,1865628.738259995,40670567.660000004,42536196.39826
2025-10-10,11.842039994895458,41436667.05,41436678.89203999
2025-10-11,11.842039994895458,41449589.96,41449601.802039996
2025-10-12,11.842039994895458,41449589.96,41449601.802039996
2025-10-13,11.842039994895458,41396944.79,41396956.632039994
2025-10-14,11.842039994895458,39896818.449999996,39896830.29203999
2025-10-15,11.842039994895458,41185782.77,41185794.61204
2025-10-16,11.842039994895458,41093765.23,41093777.07203999
2025-10-17,11.842039994895458,39269329.03,39269340.872039996
2025-10-18,11.842039994895458,39269329.03,39269340.872039996
2025-10-19,11.842039994895458,39269329.03,39269340.872039996
2025-10-20,4211979.744599995,36154941.84,40366921.5846
2025-10-21,15.380099995061755,40441893.45,40441908.8301
2025-10-22,15.380099995061755,39811559.74,39811575.1201
2025-10-23,15.380099995061755,39486260.980000004,39486276.3601
2025-10-24,6299557.237719995,34495792.93,40795350.16772
2025-10-25,6299557.237719995,34495792.93,40795350.16772
2025-10-26,6299557.237719995,34495792.93,40795350.16772
2025-10-27,6299557.237719995,35462266.51,41761823.747719996
2025-10-28,3509994.047319995,37807992.73,41317986.77731999
2025-10-29,3509994.047319995,37745967.129999995,41255961.17731999
2025-10-30,3509994.047319995,37218827.68999999,40728821.73731998
2025-10-31,3509994.047319995,36818496.61,40328490.65731999
2025-11-01,3509994.047319995,36818496.61,40328490.65731999
2025-11-02,3509994.047319995,36818496.61,40328490.65731999
2025-11-03,3509994.047319995,37308933.36999999,40818927.41731998
2025-11-04,783291.8679999951,38994128.07,39777419.93799999
2025-11-05,4476205.000479994,34714139.55,39190344.55047999
2025-11-06,18.52653999417089,40249205.599999994,40249224.12653999
2025-11-07,18.52653999417089,39705411.440000005,39705429.96654
2025-11-08,18.52653999417089,39705411.440000005,39705429.96654
2025-11-09,18.52653999417089,39705411.440000005,39705429.96654
2025-11-10,18.52653999417089,40565094.29,40565112.816539995
2025-11-11,18.52653999417089,40996765.78,40996784.30654
2025-11-12,18.52653999417089,41197863.019999996,41197881.54653999
2025-11-13,18.52653999417089,41340768.63,41340787.15654
2025-11-14,18.52653999417089,40502235.75,40502254.276539996
2025-11-15,18.52653999417089,40502235.75,40502254.276539996
2025-11-16,18.52653999417089,40502235.75,40502254.276539996
2025-11-17,18.52653999417089,40631606.779999994,40631625.30653999
2025-11-18,18.52653999417089,39832188.96,39832207.48654
2025-11-19,18.52653999417089,39637508.410000004,39637526.93654
2025-11-20,18.52653999417089,39318189.58,39318208.106539994
2025-11-21,18.52653999417089,38274272.18000001,38274290.70654
2025-11-22,18.52653999417089,38274272.18000001,38274290.70654
2025-11-23,18.52653999417089,38274272.18000001,38274290.70654
2025-11-24,18.52653999417089,37582801.39,37582819.91654
2025-11-25,18.52653999417089,37173970.92,37173989.44654
2025-11-26,18.52653999417089,37216484.07000001,37216502.596540004
2025-11-27,1788746.4015399942,35584972.940000005,37373719.34154
2025-11-28,1788746.4015399942,35938763.910000004,37727510.31154
2025-11-29,1788746.4015399942,35938763.910000004,37727510.31154
2025-11-30,1788746.4015399942,35938763.910000004,37727510.31154
2025-12-01,1788746.4015399942,35940092.28000001,37728838.681540005
2025-12-02,1788746.4015399942,35644059.8,37432806.20153999
2025-12-03,1598200.9354399946,35599242.47,37197443.405439995
2025-12-04,3774250.394879995,33592148.88,37366399.27488
2025-12-05,1.513979994924739,37763497.169999994,37763498.68397999
2025-12-06,1.513979994924739,37751241.37,37751242.88397999
2025-12-07,1.513979994924739,37751241.37,37751242.88397999
2025-12-08,1.513979994924739,37326050.64999999,37326052.163979985
2025-12-09,7573557.207659995,28963711.11,36537268.31766
2025-12-10,7573557.207659995,28944938.71,36518495.91766
2025-12-11,5360172.669339996,30848991.490000002,36209164.159339994
2025-12-12,2941405.9616799955,33560832.48,36502238.44167999
2025-12-13,2941405.9616799955,33564770.39,36506176.351679996
2025-12-14,2941405.9616799955,33564770.39,36506176.351679996
2025-12-15,2941405.9616799955,33004334.55,35945740.51168
2025-12-16,4989062.920719995,30418955.619999997,35408018.54071999
2025-12-17,2623812.381759995,33239400.21000001,35863212.59176
2025-12-18,4645663.126659995,31455388.409999996,36101051.53665999
2025-12-19,6942549.301359996,29241489.459999997,36184038.76135999
2025-12-20,6942549.301359996,29241489.459999997,36184038.76135999
2025-12-21,6942549.301359996,29241489.459999997,36184038.76135999
2025-12-22,4525458.368559996,31747573.97,36273032.33855999
2025-12-23,7201140.280559996,29040354.0,36241494.280559994
2025-12-24,7201140.280559996,29049133.16,36250273.44056
2025-12-25,7201140.280559996,29049133.16,36250273.44056
2025-12-26,7201140.280559996,29049133.16,36250273.44056
2025-12-27,7201140.280559996,29049133.16,36250273.44056
2025-12-28,7201140.280559996,29049133.16,36250273.44056
2025-12-29,7201140.280559996,29128477.710000005,36329617.99056
2025-12-30,7201140.280559996,28933435.299999997,36134575.58055999
2025-12-31,6401155.610159996,29565240.85,35966396.460159995
2026-01-01,6401155.610159996,29510976.85,35912132.460159995
