stockno,entry_date,entry_price,exit_date,exit_price,hold_days,profit_rate,max_float_rate,max_float_date,min_float_rate,min_float_date,exit_type
00813,2022-03-17,4.64,2022-03-22,4.73,5,0.015327104411866133,0.12715517241379337,2022-03-18,0.0,2022-03-17,Normal_Sell
01918,2022-03-17,4.51,2022-03-25,4.9,8,0.0821372775513276,0.40133037694013307,2022-03-18,0.0,2022-03-17,Normal_Sell
00836,2022-03-17,13.67,2022-03-28,12.82,11,-0.06592374869865236,0.01609363569861011,2022-03-22,-0.07681053401609372,2022-03-25,Normal_Sell
00189,2022-03-17,8.11,2022-03-29,9.34,12,0.14706714807130505,0.2540073982737363,2022-03-24,0.0,2022-03-17,Normal_Sell
00751,2022-03-17,3.68,2022-04-04,3.58,18,-0.031057450316757662,0.07336956521739135,2022-03-24,-0.04076086956521752,2022-04-01,Normal_Sell
00992,2022-03-17,7.04,2022-04-08,7.67,22,0.08513938033024848,0.16619318181818188,2022-04-04,0.0,2022-03-17,Normal_Sell
01810,2022-03-17,14.5,2022-04-08,13.36,22,-0.08229885057471265,0.0193103448275862,2022-03-23,-0.0772413793103448,2022-03-21,Normal_Sell
00175,2022-03-17,11.77,2022-04-12,10.62,26,-0.10130800421247577,0.01274426508071369,2022-03-30,-0.10875106202209006,2022-04-11,Normal_Sell
01928,2022-03-17,17.9,2022-04-12,17.08,26,-0.04961919735947096,0.07932960893854757,2022-03-30,-0.03910614525139666,2022-04-11,Normal_Sell
02007,2022-03-17,4.84,2022-04-13,5.87,27,0.207968360799063,0.334710743801653,2022-04-08,0.0,2022-03-17,Normal_Sell
03323,2022-03-17,6.83,2022-04-21,7.66,35,0.1170455574940894,0.2342606149341142,2022-04-08,0.0,2022-03-17,Normal_Sell
03993,2022-03-17,3.53,2022-04-25,3.92,39,0.10604852617710758,0.23229461756373926,2022-04-14,0.0,2022-03-17,Normal_Sell
01299,2022-03-17,75.38,2022-04-26,69.82,40,-0.07745718433125803,0.05505439108516863,2022-04-08,-0.06248341735208274,2022-04-25,Normal_Sell
02628,2022-03-17,10.31,2022-04-26,9.99,40,-0.0349059398177457,0.047526673132880726,2022-04-04,-0.036857419980601436,2022-04-25,Normal_Sell
00386,2022-03-17,2.64,2022-06-20,2.9,95,0.09409967942902075,0.21969696969696972,2022-06-08,0.0,2022-03-17,Normal_Sell
00884,2022-10-06,0.83,2022-10-10,0.67,4,-0.19599355505855753,0.0,2022-10-06,-0.20481927710843362,2022-10-07,Normal_Sell
02333,2022-10-06,8.61,2022-10-11,7.13,5,-0.1751989632813351,0.0,2022-10-06,-0.16376306620209047,2022-10-10,Normal_Sell
02007,2022-10-06,1.96,2022-10-12,1.6,6,-0.1869322579331133,0.0,2022-10-06,-0.1785714285714285,2022-10-11,Normal_Sell
03323,2022-10-06,5.64,2022-10-12,4.81,6,-0.15056765900822477,0.0,2022-10-06,-0.14184397163120566,2022-10-11,Normal_Sell
00175,2022-10-06,10.79,2022-10-14,9.59,8,-0.11476213467411789,0.0,2022-10-06,-0.13067655236329923,2022-10-13,Normal_Sell
01810,2022-10-06,9.43,2022-10-14,8.66,8,-0.08532034552316359,0.0,2022-10-06,-0.09650053022269356,2022-10-13,Normal_Sell
00884,2022-10-17,0.56,2022-10-20,0.56,3,-0.003992015968063867,0.0714285714285714,2022-10-18,0.0,2022-10-17,Normal_Sell
00175,2022-10-17,9.65,2022-10-21,8.95,4,-0.07624129978385197,0.01968911917098448,2022-10-18,-0.0766839378238342,2022-10-20,Normal_Sell
09988,2022-10-17,69.66,2022-10-21,67.68,4,-0.03230232042375192,0.053402239448751,2022-10-18,-0.031151306345104768,2022-10-20,Normal_Sell
02007,2022-10-17,1.44,2022-10-25,1.32,8,-0.08699268130405846,0.0,2022-10-17,-0.09722222222222221,2022-10-24,Normal_Sell
02380,2022-10-06,2.87,2022-10-25,2.5,19,-0.1323972264530172,0.0034843205574912606,2022-10-18,-0.1324041811846689,2022-10-24,Normal_Sell
03800,2022-10-17,2.16,2022-10-25,1.94,8,-0.10543727360094635,0.01388888888888884,2022-10-18,-0.10648148148148162,2022-10-24,Normal_Sell
06098,2022-10-17,8.55,2022-10-25,7.48,8,-0.12863862917439972,0.005847953216374213,2022-10-18,-0.14619883040935677,2022-10-24,Normal_Sell
00902,2022-10-06,3.3,2022-10-28,3.15,22,-0.049265106151333726,0.12424242424242427,2022-10-18,-0.045454545454545414,2022-10-27,Normal_Sell
00939,2022-10-06,3.99,2022-11-01,3.57,26,-0.10883496165563622,0.0,2022-10-06,-0.1127819548872181,2022-10-31,Normal_Sell
01398,2022-10-06,3.26,2022-11-01,2.95,26,-0.09870443162754239,0.0,2022-10-06,-0.10429447852760731,2022-10-31,Normal_Sell
01919,2022-10-06,5.54,2022-11-01,4.94,26,-0.11186291676574633,0.0,2022-10-06,-0.10830324909747291,2022-10-31,Normal_Sell
00175,2022-11-02,8.5,2022-11-11,10.14,9,0.1881789362451569,0.23411764705882354,2022-11-08,0.0,2022-11-02,Normal_Sell
00884,2022-11-02,0.4,2022-11-17,1.23,15,2.0627245508982033,2.5999999999999996,2022-11-15,0.0,2022-11-02,Normal_Sell
02007,2022-11-02,1.05,2022-11-17,2.7,15,1.561163387510693,2.1047619047619044,2022-11-14,0.0,2022-11-02,Normal_Sell
06098,2022-11-02,6.55,2022-11-17,15.51,15,1.3584860812725696,1.6992366412213742,2022-11-15,0.0,2022-11-02,Normal_Sell
03800,2022-11-02,2.06,2022-11-23,2.15,21,0.039522895955661275,0.14563106796116498,2022-11-15,-0.01941747572815533,2022-11-03,Normal_Sell
02380,2022-11-02,2.3,2022-12-05,2.57,33,0.11293066041829403,0.21739130434782616,2022-11-28,0.0,2022-11-02,Normal_Sell
00902,2022-11-02,2.71,2022-12-08,3.23,36,0.18712390716721528,0.32472324723247237,2022-11-24,-0.01845018450184499,2022-11-03,Normal_Sell
00992,2022-10-06,5.41,2022-12-08,5.79,63,0.06596787939831983,0.18299445471349363,2022-11-15,-0.05914972273567476,2022-10-13,Normal_Sell
01171,2023-01-03,8.74,2023-02-07,8.96,35,0.021079123218094686,0.12471395881006853,2023-01-16,-0.035469107551487467,2023-01-05,Normal_Sell
03690,2023-01-19,161.0,2023-02-07,165.0,19,0.02075352400788466,0.11863354037267082,2023-02-01,0.0,2023-01-19,Normal_Sell
00004,2023-01-17,20.6,2023-02-08,19.05,22,-0.07893436428114642,0.004368932038834927,2023-01-26,-0.08058252427184465,2023-02-07,Normal_Sell
01833,2023-02-02,21.15,2023-02-16,19.12,14,-0.09958994540469868,0.0,2023-02-02,-0.09881796690307332,2023-02-15,Normal_Sell
02269,2023-02-08,64.45,2023-02-17,57.6,9,-0.10985166981785077,0.019394879751745586,2023-02-09,-0.10240496508921648,2023-02-16,Normal_Sell
01177,2023-02-08,4.39,2023-02-23,4.06,15,-0.07886277558777655,0.009111617312072884,2023-02-09,-0.0751708428246014,2023-02-22,Normal_Sell
00939,2022-11-02,3.54,2023-02-28,4.13,118,0.16200931470392543,0.2627118644067796,2023-01-27,-0.005649717514124353,2022-11-03,Normal_Sell
01398,2022-11-02,2.93,2023-02-28,3.39,118,0.1523778381802945,0.2559726962457338,2023-01-27,-0.010238907849829393,2022-11-03,Normal_Sell
01109,2023-02-08,32.76,2023-03-13,31.58,33,-0.03986776142464765,0.0482295482295485,2023-03-07,-0.036019536019536,2023-02-28,Normal_Sell
01810,2023-02-24,12.06,2023-03-13,11.42,17,-0.05684816105765256,0.046434494195688014,2023-03-03,-0.05804311774461035,2023-03-10,Normal_Sell
02020,2023-02-20,101.52,2023-03-13,98.22,21,-0.03636816202111137,0.0650118203309693,2023-03-03,-0.03821907013396375,2023-03-10,Normal_Sell
02628,2023-02-09,12.34,2023-03-13,11.92,32,-0.037891801486168664,0.05672609400324147,2023-03-02,-0.03241491085899517,2023-03-10,Normal_Sell
00836,2023-03-01,14.68,2023-03-15,14.55,14,-0.012812250159082272,0.06539509536784749,2023-03-06,-0.023160762942779245,2023-03-14,Normal_Sell
00883,2022-12-12,8.53,2023-03-17,9.94,95,0.16064705290474146,0.26494724501758493,2023-03-07,0.0,2022-12-12,Normal_Sell
01171,2023-02-17,8.1,2023-03-17,8.03,28,-0.012599492373278065,0.11358024691358026,2023-02-23,-0.01851851851851849,2023-03-16,Normal_Sell
00728,2023-01-03,2.83,2023-03-27,3.77,83,0.32683749109554716,0.4558303886925794,2023-03-13,0.0,2023-01-03,Normal_Sell
01918,2023-04-13,1.93,2023-04-20,1.84,7,-0.05043798413535605,0.020725388601036343,2023-04-17,-0.05699481865284972,2023-04-19,Normal_Sell
02015,2023-03-14,88.95,2023-04-21,90.3,38,0.011124462710329741,0.14221472737492968,2023-04-17,-0.05115233277121978,2023-03-16,Normal_Sell
00669,2023-03-01,75.85,2023-04-26,78.17,56,0.02647256574524004,0.10784442979564934,2023-04-03,0.0,2023-03-01,Normal_Sell
00992,2023-01-19,5.72,2023-04-26,7.63,97,0.3285910696090337,0.4720279720279721,2023-04-17,0.0,2023-01-19,Normal_Sell
01177,2023-04-11,4.06,2023-04-26,4.06,15,-0.003992015968063867,0.100985221674877,2023-04-13,0.0,2023-04-11,Normal_Sell
00027,2023-03-14,51.71,2023-05-09,52.5,56,0.011224505157158227,0.11487139818216985,2023-04-20,-0.04099787275188549,2023-03-20,Normal_Sell
00291,2023-04-27,60.02,2023-05-10,53.48,13,-0.11252070999620234,0.0,2023-04-27,-0.11212929023658791,2023-05-09,Normal_Sell
00868,2023-03-14,13.28,2023-05-10,12.48,57,-0.06399249693384312,0.03990963855421703,2023-04-18,-0.07228915662650592,2023-04-06,Normal_Sell
01179,2023-04-27,35.62,2023-05-10,32.12,13,-0.10185916768372294,0.0,2023-04-27,-0.09825940482874795,2023-05-09,Normal_Sell
09961,2023-04-27,276.4,2023-05-10,252.8,13,-0.08903466583475572,0.0,2023-04-27,-0.09117221418234445,2023-05-09,Normal_Sell
02020,2023-04-24,96.96,2023-05-11,87.26,17,-0.10363390380954263,0.0,2023-04-24,-0.10004125412541243,2023-05-10,Normal_Sell
02338,2023-04-27,10.77,2023-05-15,11.37,18,0.05149589400586008,0.18848653667595183,2023-05-04,0.0,2023-04-27,Normal_Sell
03311,2023-03-31,8.18,2023-05-15,8.66,45,0.05445344030764887,0.17481662591687042,2023-05-04,-0.004889975550122161,2023-04-01,Normal_Sell
00868,2023-05-11,12.76,2023-05-23,11.21,12,-0.12498044663025043,0.0,2023-05-11,-0.1214733542319748,2023-05-22,Normal_Sell
02628,2023-03-14,12.12,2023-05-24,13.17,71,0.08229580443074247,0.19141914191419152,2023-05-08,-0.05775577557755773,2023-03-30,Normal_Sell
03988,2022-10-06,2.27,2023-05-29,2.67,235,0.17151599883932578,0.29074889867841414,2023-05-08,-0.048458149779735615,2022-11-03,Normal_Sell
01818,2023-05-16,11.66,2023-05-30,10.88,14,-0.07062033736985718,0.0,2023-05-16,-0.07547169811320764,2023-05-29,Normal_Sell
01288,2022-10-06,2.09,2023-05-31,2.54,237,0.21045946384742487,0.33492822966507196,2023-05-08,-0.09090909090909094,2022-11-03,Normal_Sell
00386,2022-11-02,2.82,2023-06-01,4.29,211,0.5152036352826261,0.6950354609929079,2023-05-08,0.0,2022-11-02,Normal_Sell
00857,2022-11-02,2.71,2023-06-01,4.51,211,0.6575631025771336,0.8154981549815499,2023-05-18,0.0,2022-11-02,Normal_Sell
00027,2023-05-11,51.37,2023-06-02,47.66,22,-0.07592484876460825,0.0038933229511388667,2023-05-23,-0.08000778664590225,2023-06-01,Normal_Sell
01918,2023-06-05,1.32,2023-06-13,1.43,8,0.07900864936793073,0.21212121212121215,2023-06-08,0.0,2023-06-05,Normal_Sell
06878,2023-06-05,0.84,2023-06-20,0.89,15,0.05529417355764665,0.19047619047619047,2023-06-16,-0.03571428571428559,2023-06-07,Normal_Sell
02007,2023-06-05,1.53,2023-06-21,1.63,16,0.061106545079774977,0.22222222222222232,2023-06-15,0.0,2023-06-05,Normal_Sell
00020,2023-06-05,2.24,2023-06-23,2.14,18,-0.048456658112346784,0.0401785714285714,2023-06-13,-0.05803571428571441,2023-06-08,Normal_Sell
01024,2023-04-25,49.45,2023-06-23,54.9,59,0.1057803503205923,0.2366026289180989,2023-06-15,0.0,2023-04-25,Normal_Sell
00006,2023-03-23,37.38,2023-06-26,38.35,95,0.0218540981173021,0.11851257356875333,2023-05-16,0.0,2023-03-23,Normal_Sell
01810,2023-06-05,10.68,2023-06-26,10.0,21,-0.06740825465174505,0.03745318352059934,2023-06-16,-0.0646067415730337,2023-06-23,Normal_Sell
00016,2023-05-16,99.77,2023-06-27,91.36,42,-0.08794938938400632,0.0,2023-05-16,-0.08429387591460358,2023-06-26,Normal_Sell
01093,2023-06-05,6.36,2023-07-10,6.23,35,-0.024350669729722885,0.06446540880503138,2023-06-20,-0.02358490566037741,2023-07-07,Normal_Sell
00763,2023-05-12,21.75,2023-07-13,28.31,62,0.296413150710074,0.4073563218390803,2023-07-04,-0.026666666666666616,2023-05-24,Normal_Sell
00902,2023-06-20,4.44,2023-07-24,4.31,34,-0.03315441189692703,0.06531531531531543,2023-07-04,-0.029279279279279424,2023-07-21,Normal_Sell
01299,2023-05-11,78.54,2023-07-25,75.04,75,-0.048377398500681346,0.024955436720142554,2023-06-13,-0.06811815635345053,2023-05-31,Normal_Sell
00708,2023-07-28,1.01,2023-08-02,1.88,5,0.8539554554257822,0.9603960396039604,2023-07-31,0.0,2023-07-28,Normal_Sell
02343,2023-06-05,2.19,2023-08-02,2.16,58,-0.017635960954802465,0.13242009132420085,2023-07-28,-0.013698630136986245,2023-08-01,Normal_Sell
01093,2023-07-14,6.17,2023-08-08,5.59,25,-0.09761999501806773,0.014586709886547755,2023-07-28,-0.08265802269043754,2023-08-07,Normal_Sell
00708,2023-08-03,1.81,2023-08-09,1.38,6,-0.24061269725741896,0.0,2023-08-03,-0.22099447513812165,2023-08-08,Normal_Sell
00763,2023-07-28,26.68,2023-08-10,25.29,13,-0.05588298665038749,0.04160419790104952,2023-07-29,-0.052098950524737675,2023-08-09,Normal_Sell
02382,2023-07-26,66.81,2023-08-14,67.01,19,-0.0010104024849566517,0.1249812902260139,2023-07-31,0.0,2023-07-26,Normal_Sell
02601,2023-07-26,18.08,2023-08-14,17.67,19,-0.02657848020772602,0.09457964601769908,2023-07-31,-0.0022123893805309214,2023-08-11,Normal_Sell
01928,2023-05-11,25.8,2023-08-15,28.25,96,0.09059013755434853,0.193798449612403,2023-07-28,-0.04263565891472876,2023-05-25,Normal_Sell
01171,2023-08-07,7.89,2023-08-21,7.61,14,-0.03933830690962814,0.06337135614702172,2023-08-10,-0.03548795944233196,2023-08-18,Normal_Sell
00902,2023-08-01,4.16,2023-08-25,3.97,24,-0.04948276523875339,0.043269230769230616,2023-08-07,-0.04567307692307687,2023-08-24,Normal_Sell
00708,2023-08-23,1.34,2023-08-29,1.22,6,-0.09318676080674482,0.0,2023-08-23,-0.08955223880597019,2023-08-28,Normal_Sell
00836,2023-07-31,15.33,2023-08-29,14.44,29,-0.06181635424519527,0.030006523157207976,2023-08-01,-0.054142204827136386,2023-08-28,Normal_Sell
03333,2023-08-28,0.22,2023-08-30,0.28,2,0.2676465251315552,0.36363636363636354,2023-08-29,0.0,2023-08-28,Normal_Sell
00020,2023-08-23,1.52,2023-09-11,1.48,19,-0.030202752389956955,0.10526315789473673,2023-09-04,-0.013157894736842146,2023-08-28,Normal_Sell
02007,2023-08-23,0.75,2023-09-11,1.07,19,0.42097139055222876,0.6266666666666667,2023-09-06,0.0,2023-08-23,Normal_Sell
00016,2023-08-08,87.96,2023-09-12,74.74,35,-0.15368762248127665,0.0,2023-08-08,-0.141200545702592,2023-09-11,Normal_Sell
06098,2023-08-23,6.84,2023-09-15,8.69,23,0.2653961083680594,0.39327485380116944,2023-09-06,0.0,2023-08-23,Normal_Sell
00386,2023-08-07,4.0,2023-10-04,3.87,58,-0.036362275449101755,0.08250000000000002,2023-09-04,-0.030000000000000027,2023-08-21,Normal_Sell
02628,2023-08-23,10.75,2023-10-04,11.17,42,0.03492178433830029,0.14604651162790705,2023-09-04,0.0,2023-08-23,Normal_Sell
00941,2023-05-16,59.79,2023-10-26,60.13,163,0.0016718528155263979,0.10453253052349898,2023-09-22,-0.04599431343033955,2023-06-01,Normal_Sell
01398,2023-08-23,3.15,2024-01-18,3.31,148,0.04659886576054251,0.15873015873015883,2023-10-12,0.0,2023-08-23,Normal_Sell
00268,2024-01-19,9.45,2024-01-23,8.57,4,-0.09674196580384198,0.0,2024-01-19,-0.09312169312169305,2024-01-22,Normal_Sell
01918,2024-01-19,1.21,2024-01-23,1.05,4,-0.13569555104666697,0.0,2024-01-19,-0.13223140495867758,2024-01-22,Normal_Sell
01918,2024-01-24,1.13,2024-01-31,1.18,7,0.04007913376786276,0.14159292035398252,2024-01-25,0.0,2024-01-24,Normal_Sell
02007,2024-01-19,0.66,2024-01-31,0.66,12,-0.003992015968063867,0.09090909090909083,2024-01-25,-0.0757575757575758,2024-01-22,Normal_Sell
03690,2024-01-19,69.6,2024-02-01,62.95,13,-0.09915657191364391,0.010057471264367956,2024-01-24,-0.1012931034482758,2024-01-31,Normal_Sell
01942,2024-01-24,1.39,2024-02-05,1.43,12,0.024670084291847916,0.14388489208633115,2024-01-29,-0.014388489208632893,2024-01-25,Normal_Sell
02318,2024-01-19,29.19,2024-02-05,30.24,17,0.031835609356825945,0.13806097978759846,2024-01-25,-0.019869818430969577,2024-01-22,Normal_Sell
09988,2024-01-19,64.7,2024-02-14,67.24,26,0.03510937938651271,0.14976816074188548,2024-02-06,-0.009891808346213282,2024-01-22,Normal_Sell
00688,2024-01-19,11.21,2024-02-16,10.94,28,-0.027981503540644104,0.06601248884924171,2024-01-29,-0.07225691347011598,2024-01-22,Normal_Sell
02331,2024-01-19,16.01,2024-02-20,19.21,32,0.19508515760484046,0.3135540287320424,2024-02-16,-0.06558400999375391,2024-01-22,Normal_Sell
02628,2024-01-19,8.23,2024-03-06,8.85,47,0.07104139230651696,0.18712029161603883,2024-02-22,-0.03037667071688943,2024-01-22,Normal_Sell
09901,2024-04-29,65.35,2024-05-20,64.2,21,-0.02151931790588668,0.06809487375669487,2024-05-14,-0.07421576128538632,2024-05-02,Normal_Sell
00291,2024-05-27,34.25,2024-05-31,32.65,4,-0.05052085609802304,0.013138686131386912,2024-05-28,-0.06277372262773717,2024-05-30,Normal_Sell
01288,2023-08-23,2.38,2024-06-03,3.31,285,0.3852043811536592,0.5,2024-05-21,0.0,2023-08-23,Normal_Sell
01398,2024-01-19,3.33,2024-06-07,4.09,140,0.2233251215287142,0.3303303303303302,2024-05-21,-0.012012012012012074,2024-01-22,Normal_Sell
01179,2024-05-28,28.4,2024-06-12,26.6,15,-0.06711928256163713,0.03873239436619724,2024-06-03,-0.051056338028169,2024-06-11,Normal_Sell
02319,2024-05-28,14.95,2024-06-12,13.34,15,-0.11125441424842619,0.0,2024-05-28,-0.10367892976588622,2024-06-11,Normal_Sell
02015,2024-05-27,79.75,2024-06-13,74.25,17,-0.07268222176336969,0.031974921630093966,2024-06-03,-0.08526645768025076,2024-06-12,Normal_Sell
00386,2024-01-19,3.64,2024-06-14,4.59,147,0.2559551227215897,0.37362637362637363,2024-05-17,-0.030219780219780334,2024-01-22,Normal_Sell
02338,2024-05-28,14.67,2024-06-24,13.26,27,-0.09972284469914972,0.011588275391956282,2024-06-07,-0.08111792774369453,2024-06-21,Normal_Sell
01928,2024-06-04,18.84,2024-06-25,17.4,21,-0.08012001474757513,0.0,2024-06-04,-0.07855626326963905,2024-06-24,Normal_Sell
00669,2024-05-28,99.0,2024-06-27,93.55,30,-0.05882275852335728,0.008080808080808133,2024-06-06,-0.07777777777777783,2024-06-26,Normal_Sell
00316,2024-06-13,125.5,2024-06-28,124.1,15,-0.015102862005073603,0.07729083665338643,2024-06-20,-0.011155378486055856,2024-06-17,Normal_Sell
02269,2024-05-31,11.48,2024-07-03,11.18,33,-0.030020099174473458,0.09233449477351896,2024-06-12,-0.04355400696864109,2024-06-11,Normal_Sell
01114,2024-06-04,3.22,2024-07-08,3.71,34,0.147574416384622,0.2981366459627328,2024-06-18,-0.006211180124223614,2024-06-05,Normal_Sell
01093,2024-06-26,6.33,2024-07-11,6.06,15,-0.046475768841464205,0.0,2024-06-26,-0.048973143759873716,2024-07-10,Normal_Sell
01919,2024-07-10,12.58,2024-07-17,11.1,7,-0.121169425854174,0.0,2024-07-10,-0.10651828298887123,2024-07-16,Normal_Sell
00857,2024-01-19,4.82,2024-07-18,7.46,181,0.5415393279830378,0.7717842323651449,2024-07-04,-0.016597510373444035,2024-01-22,Normal_Sell
00386,2024-06-18,4.49,2024-07-22,4.75,34,0.053683279321090405,0.15367483296213802,2024-07-04,0.0,2024-06-18,Normal_Sell
03988,2023-08-23,2.44,2024-07-22,3.4,334,0.38787997774941907,0.5163934426229508,2024-05-21,0.0,2023-08-23,Normal_Sell
02313,2024-07-04,76.65,2024-07-24,68.3,20,-0.11249386419593965,0.0,2024-07-04,-0.09915198956294857,2024-07-23,Normal_Sell
02382,2024-07-10,46.7,2024-07-24,47.4,14,0.01093743989536966,0.11991434689507474,2024-07-16,0.0,2024-07-10,Normal_Sell
02333,2024-06-14,11.06,2024-07-25,11.0,41,-0.009395314253951459,0.1464737793851718,2024-07-10,0.0,2024-06-14,Normal_Sell
01211,2024-05-29,202.19,2024-07-31,225.4,63,0.11034274494682439,0.21964488847123986,2024-07-12,0.0,2024-05-29,Normal_Sell
02338,2024-07-10,12.2,2024-07-31,12.1,21,-0.012156015837178069,0.07868852459016407,2024-07-26,-0.04426229508196711,2024-07-25,Normal_Sell
00005,2024-07-12,67.55,2024-08-06,63.0,25,-0.07108063665415265,0.03552923760177662,2024-07-31,-0.08142116950407108,2024-08-05,Normal_Sell
00522,2024-07-30,81.1,2024-08-06,75.2,7,-0.07645128977556592,0.004932182490752224,2024-07-31,-0.09802712700369898,2024-08-05,Normal_Sell
00836,2024-07-19,21.95,2024-08-06,20.75,18,-0.05844347750967305,0.02733485193621865,2024-07-24,-0.059225512528473856,2024-08-05,Normal_Sell
00883,2024-07-19,21.4,2024-08-06,19.5,18,-0.09242263137276852,0.0,2024-07-19,-0.10747663551401854,2024-08-05,Normal_Sell
00992,2024-07-23,10.68,2024-08-06,9.67,14,-0.09818378224823754,0.0,2024-07-23,-0.1039325842696629,2024-08-05,Normal_Sell
02382,2024-08-01,43.9,2024-08-06,40.5,5,-0.08113158648534369,0.0,2024-08-01,-0.09908883826879278,2024-08-05,Normal_Sell
09999,2024-05-27,141.61,2024-08-06,137.9,71,-0.030086145060349012,0.06348421721629816,2024-06-26,-0.03368406186003825,2024-05-31,Normal_Sell
01810,2024-07-03,16.66,2024-08-07,15.78,35,-0.05660228163121539,0.03361344537815114,2024-07-22,-0.050420168067226934,2024-08-06,Normal_Sell
00267,2024-06-14,7.21,2024-08-08,7.04,55,-0.027476254149122026,0.04438280166435504,2024-07-12,-0.049930651872399534,2024-08-07,Normal_Sell
02319,2024-08-01,13.12,2024-08-22,12.42,21,-0.05713268584781639,0.038109756097560954,2024-08-09,-0.060975609756097504,2024-08-21,Normal_Sell
03968,2024-07-30,32.25,2024-09-04,30.85,36,-0.04722957186402388,0.07441860465116279,2024-08-27,-0.037209302325581395,2024-08-06,Normal_Sell
00939,2023-08-23,3.76,2024-09-09,5.31,383,0.4065963817046756,0.5531914893617023,2024-08-27,0.0,2023-08-23,Normal_Sell
03988,2024-07-23,3.41,2024-09-10,3.34,49,-0.024437927663734094,0.07038123167155419,2024-08-27,-0.032258064516129115,2024-08-06,Normal_Sell
00688,2024-08-27,12.2,2024-09-11,10.73,15,-0.1240028140440429,0.014754098360655776,2024-08-30,-0.08852459016393444,2024-09-10,Normal_Sell
00836,2024-09-09,20.5,2024-09-12,18.5,3,-0.1011635266053259,0.0,2024-09-09,-0.10536585365853657,2024-09-11,Normal_Sell
00020,2024-09-13,1.04,2024-10-09,1.89,26,0.8100529709811144,1.2403846153846154,2024-10-07,0.0,2024-09-13,Normal_Sell
00992,2024-08-23,9.4,2024-10-09,10.46,47,0.10832377797596293,0.23191489361702122,2024-10-07,-0.044680851063829796,2024-09-10,Normal_Sell
01024,2024-08-26,41.2,2024-10-09,53.55,44,0.2945686297308294,0.48665048543689315,2024-10-07,-0.07402912621359237,2024-09-13,Normal_Sell
02269,2024-08-27,10.9,2024-10-09,19.6,43,0.7909868336721051,1.096330275229358,2024-10-07,-0.034862385321100975,2024-08-28,Normal_Sell
02328,2024-06-14,9.19,2024-10-09,12.4,117,0.34390631142502803,0.5277475516866159,2024-10-07,-0.01088139281828071,2024-07-05,Normal_Sell
03690,2024-07-30,108.6,2024-10-09,189.4,71,0.7370525983024743,0.965009208103131,2024-10-04,-0.05985267034990793,2024-08-14,Normal_Sell
09901,2024-09-03,48.8,2024-10-09,57.95,36,0.18275948103792428,0.3452868852459019,2024-10-04,-0.05942622950819665,2024-09-13,Normal_Sell
09999,2024-08-28,131.2,2024-10-09,147.6,42,0.12050898203592819,0.22789634146341475,2024-10-04,-0.08841463414634143,2024-09-11,Normal_Sell
01818,2024-09-09,11.82,2024-10-10,13.3,31,0.1207196436230753,0.21658206429780047,2024-10-07,-0.0033840947546531774,2024-09-10,Normal_Sell
01093,2024-08-28,4.81,2024-10-16,6.2,49,0.28383565509314024,0.48024948024948033,2024-10-07,-0.05405405405405406,2024-09-11,Normal_Sell
03311,2024-09-05,10.74,2024-10-29,11.74,54,0.08874615759170679,0.1955307262569832,2024-10-14,-0.04469273743016766,2024-09-11,Normal_Sell
03998,2024-09-09,3.71,2024-10-31,4.5,52,0.20809593750504374,0.3504043126684635,2024-10-23,-0.03234501347708896,2024-09-17,Normal_Sell
01378,2024-11-01,12.68,2024-11-13,13.04,12,0.024285813231581077,0.1451104100946372,2024-11-07,-0.019716088328075698,2024-11-12,Normal_Sell
01818,2024-11-08,12.98,2024-11-13,11.32,5,-0.13137054089048406,0.0,2024-11-08,-0.12634822804314338,2024-11-12,Normal_Sell
00836,2024-10-25,19.46,2024-11-15,17.68,21,-0.09509654893706943,0.0,2024-10-25,-0.09146968139773903,2024-11-14,Normal_Sell
03328,2024-09-11,5.24,2024-11-15,5.76,65,0.09484847099693727,0.1984732824427482,2024-10-18,0.0,2024-09-11,Normal_Sell
03998,2024-11-04,4.4,2024-11-15,4.17,11,-0.05605606967882415,0.05227272727272725,2024-11-08,-0.050000000000000155,2024-11-14,Normal_Sell
00992,2024-11-11,9.5,2024-11-18,9.17,7,-0.038590188044962725,0.021052631578947212,2024-11-13,-0.03473684210526318,2024-11-15,Normal_Sell
02628,2024-11-19,15.74,2024-11-26,14.18,7,-0.10270691146296984,0.0,2024-11-19,-0.0914866581956798,2024-11-25,Normal_Sell
03988,2024-09-13,3.36,2024-11-29,3.61,77,0.07011572093907414,0.1607142857142858,2024-10-07,0.0,2024-09-13,Normal_Sell
01093,2024-11-06,5.48,2024-12-05,4.99,29,-0.09305112402931359,0.0,2024-11-06,-0.08941605839416067,2024-12-04,Normal_Sell
00960,2024-11-18,11.6,2024-12-16,10.68,28,-0.08298575263266561,0.02931034482758621,2024-12-09,-0.0913793103448276,2024-11-26,Normal_Sell
01378,2024-11-18,11.02,2024-12-18,11.88,30,0.07373637480030881,0.13248638838475513,2024-12-09,0.0,2024-11-18,Normal_Sell
00012,2024-11-15,24.85,2024-12-20,23.3,35,-0.06611726245697758,0.028169014084507005,2024-12-09,-0.0623742454728371,2024-12-19,Normal_Sell
00285,2024-11-12,30.3,2024-12-20,39.15,38,0.28692120709076896,0.4174917491749175,2024-12-09,-0.06600660066006603,2024-11-14,Normal_Sell
00868,2024-11-27,8.0,2025-01-03,7.49,37,-0.0674875249500998,0.03750000000000009,2024-12-03,-0.06374999999999997,2025-01-02,Normal_Sell
00939,2024-11-18,5.93,2025-01-10,5.98,53,0.004406027742154928,0.09443507588532896,2024-12-24,-0.015177065767284947,2024-11-25,Normal_Sell
00960,2024-12-18,10.2,2025-01-10,9.46,23,-0.07625141873116492,0.01764705882352957,2024-12-24,-0.07254901960784299,2025-01-09,Normal_Sell
01177,2024-12-19,3.19,2025-01-10,2.98,22,-0.06955993968176499,0.015673981191222763,2024-12-24,-0.0658307210031348,2025-01-09,Normal_Sell
01919,2024-12-02,10.98,2025-01-10,11.68,39,0.059505760791713325,0.180327868852459,2024-12-30,0.0,2024-12-02,Normal_Sell
00001,2024-10-21,41.8,2025-01-17,39.55,88,-0.05760488592193591,0.03229665071770338,2024-12-09,-0.05263157894736836,2024-11-14,Normal_Sell
01038,2024-11-11,54.25,2025-02-03,52.5,84,-0.03612130577554562,0.06451612903225801,2024-12-31,-0.03410138248847927,2024-11-14,Normal_Sell
00175,2025-01-06,14.38,2025-02-12,16.02,37,0.10959999333738635,0.2322670375521556,2025-02-07,-0.0556328233657859,2025-01-13,Normal_Sell
00914,2024-12-23,19.44,2025-02-24,19.5,63,-0.0009179172519160339,0.09825102880658432,2025-02-10,-0.01954732510288082,2025-01-03,Normal_Sell
00728,2024-11-01,4.44,2025-02-26,6.2,117,0.39082195968423483,0.5135135135135134,2025-02-21,-0.03828828828828845,2024-11-12,Normal_Sell
00522,2025-02-04,73.35,2025-02-27,64.5,23,-0.12416475841772479,0.05180640763462874,2025-02-21,-0.1267893660531697,2025-02-26,Normal_Sell
00762,2025-01-23,7.12,2025-02-28,9.33,36,0.3051621476148825,0.5196629213483146,2025-02-21,-0.004213483146067398,2025-01-28,Normal_Sell
01735,2024-12-23,7.77,2025-03-03,8.1,70,0.03830948142325408,0.13899613899613894,2025-02-14,-0.01158301158301156,2025-01-14,Normal_Sell
06099,2025-01-14,13.26,2025-03-03,14.7,48,0.10417174700373,0.2021116138763197,2025-02-26,0.0,2025-01-14,Normal_Sell
02382,2025-01-13,62.2,2025-03-04,82.0,50,0.31306518795207006,0.509646302250804,2025-02-27,0.0,2025-01-13,Normal_Sell
03888,2025-03-05,41.2,2025-03-13,42.55,8,0.028644167974730017,0.13834951456310662,2025-03-06,0.0,2025-03-05,Normal_Sell
03998,2025-03-05,3.7,2025-03-25,3.9,20,0.04984625343906779,0.16216216216216206,2025-03-17,0.0,2025-03-05,Normal_Sell
01299,2025-02-13,52.45,2025-03-26,59.2,41,0.12418822983204225,0.21830314585319344,2025-03-06,0.0,2025-02-13,Normal_Sell
06862,2025-01-14,13.8,2025-03-26,16.92,71,0.22119239781306943,0.3188405797101448,2025-03-19,0.0,2025-01-14,Normal_Sell
00688,2024-12-19,12.5,2025-03-27,14.0,98,0.11552894211576836,0.22079999999999989,2025-03-06,-0.04480000000000006,2025-01-10,Normal_Sell
06690,2025-03-05,24.6,2025-03-31,24.75,26,0.00208120344676499,0.11178861788617889,2025-03-18,0.0,2025-03-05,Normal_Sell
01171,2025-02-25,8.04,2025-04-01,8.12,35,0.005918511236233881,0.09950248756218905,2025-03-19,0.0,2025-02-25,Normal_Sell
01347,2025-03-27,32.65,2025-04-02,30.4,6,-0.07262962589369504,0.0,2025-03-27,-0.06738131699846861,2025-04-01,Normal_Sell
00300,2025-02-27,74.95,2025-04-07,65.7,39,-0.12691494928754898,0.07004669779853234,2025-03-18,-0.05270180120080059,2025-03-13,Normal_Sell
00669,2025-03-14,98.65,2025-04-07,75.0,24,-0.24277142623015513,0.0,2025-03-14,-0.16675114039533712,2025-04-03,Normal_Sell
01288,2024-11-18,3.83,2025-04-07,4.42,140,0.14944002334756057,0.3211488250652741,2025-03-18,0.0,2024-11-18,Normal_Sell
02899,2025-03-04,14.74,2025-04-07,14.42,34,-0.02561498441380472,0.2578018995929443,2025-03-25,0.0,2025-03-04,Normal_Sell
00762,2025-03-27,8.46,2025-04-08,7.95,12,-0.0640350504664432,0.07446808510638281,2025-04-03,-0.05910165484633578,2025-04-07,Normal_Sell
00836,2025-01-14,17.02,2025-04-08,17.38,84,0.017075132930378878,0.12690951821386598,2025-04-02,-0.015276145710928168,2025-02-11,Normal_Sell
00960,2025-04-02,9.83,2025-04-08,9.05,6,-0.08302418560640668,0.033570701932858604,2025-04-03,-0.0651068158697864,2025-04-07,Normal_Sell
01347,2025-04-03,30.8,2025-04-08,26.7,5,-0.13657749436192546,0.0,2025-04-03,-0.16396103896103897,2025-04-07,Normal_Sell
01398,2024-09-11,4.16,2025-04-08,5.02,209,0.2019134807308458,0.3798076923076923,2025-02-17,-0.0024038461538461453,2024-09-12,Normal_Sell
02202,2025-03-27,5.73,2025-04-08,5.24,12,-0.0891654735903411,0.00698080279232105,2025-04-03,-0.10122164048865623,2025-04-07,Normal_Sell
06099,2025-04-02,13.6,2025-04-08,11.3,6,-0.1724345426793472,0.0,2025-04-02,-0.18970588235294117,2025-04-07,Normal_Sell
00002,2024-10-14,66.95,2025-04-10,61.45,178,-0.08581492727763296,0.0014936519790886837,2024-10-28,-0.0843913368185214,2025-04-09,Normal_Sell
01735,2025-03-04,8.24,2025-04-22,9.39,49,0.1350139526771701,0.25,2025-04-08,-0.013349514563106735,2025-03-10,Normal_Sell
00728,2025-04-09,5.62,2025-04-28,5.36,19,-0.05007067715103597,0.05693950177935947,2025-04-16,-0.03558718861209964,2025-04-25,Normal_Sell
03323,2025-04-09,3.79,2025-05-02,3.77,23,-0.009247994775620327,0.09234828496042202,2025-04-22,-0.00527704485488123,2025-04-30,Normal_Sell
01860,2025-04-09,4.73,2025-05-07,5.22,28,0.0991885151472951,0.2494714587737843,2025-04-15,0.0,2025-04-09,Normal_Sell
02319,2025-04-09,18.3,2025-05-14,18.36,35,-0.0007264160204182302,0.10382513661202175,2025-04-14,-0.006557377049180357,2025-05-13,Normal_Sell
06862,2025-04-09,15.58,2025-05-19,16.2,40,0.03564373179187208,0.15661103979460833,2025-04-25,0.0,2025-04-09,Normal_Sell
00291,2025-04-09,25.7,2025-05-20,26.25,41,0.017323329993709224,0.1108949416342413,2025-04-11,0.0,2025-04-09,Normal_Sell
02228,2025-05-19,4.32,2025-05-27,4.57,8,0.05364733495971019,0.12962962962962954,2025-05-21,0.0,2025-05-19,Normal_Sell
00168,2025-05-02,54.9,2025-06-13,51.55,42,-0.06476845943813647,0.030965391621129434,2025-05-21,-0.0564663023679417,2025-06-12,Normal_Sell
01347,2025-05-20,31.0,2025-06-13,29.65,24,-0.047366557208164406,0.04999999999999982,2025-05-29,-0.03709677419354829,2025-06-12,Normal_Sell
02319,2025-05-15,18.66,2025-06-18,16.96,34,-0.0947322931842638,0.0,2025-05-15,-0.09324758842443726,2025-06-17,Normal_Sell
00836,2025-04-09,17.62,2025-06-19,19.5,71,0.10227898346326625,0.20885357548240635,2025-06-06,0.0,2025-04-09,Normal_Sell
00981,2025-05-19,41.8,2025-06-19,39.0,31,-0.07071025413288246,0.028708133971292016,2025-05-20,-0.06100478468899517,2025-06-18,Normal_Sell
06862,2025-05-21,15.88,2025-06-20,14.5,30,-0.09054686596580142,0.0,2025-05-21,-0.09068010075566757,2025-06-19,Normal_Sell
01088,2025-04-09,30.3,2025-06-27,30.45,79,0.000938716626153635,0.16171617161716179,2025-06-16,-0.0363036303630363,2025-04-30,Normal_Sell
00902,2025-04-09,4.32,2025-07-03,4.94,85,0.13895357433281585,0.23842592592592582,2025-06-18,0.0,2025-04-09,Normal_Sell
02015,2025-06-23,101.7,2025-07-04,102.9,11,0.007760290628183286,0.10717797443461152,2025-06-26,0.0,2025-06-23,Normal_Sell
09868,2025-06-17,74.0,2025-07-07,69.2,20,-0.06859793925662183,0.03648648648648645,2025-06-24,-0.06621621621621632,2025-07-04,Normal_Sell
00728,2025-04-29,5.42,2025-07-09,5.52,71,0.014384515102635831,0.10516605166051662,2025-05-29,-0.014760147601476037,2025-04-30,Normal_Sell
02328,2025-06-20,14.68,2025-07-10,14.76,20,0.0014358204571782718,0.0953678474114441,2025-06-25,0.0,2025-06-20,Normal_Sell
01818,2025-07-14,20.35,2025-07-29,19.52,15,-0.04461543742980878,0.06142506142506132,2025-07-22,-0.03292383292383305,2025-07-28,Normal_Sell
09888,2025-05-28,82.55,2025-07-31,85.2,64,0.027981589818546038,0.1302241066020593,2025-07-23,-0.013930950938824904,2025-06-02,Normal_Sell
09618,2025-06-23,123.1,2025-08-01,122.9,39,-0.005610225527823309,0.08935824532900072,2025-07-23,-0.0056864337936636256,2025-07-14,Normal_Sell
01336,2025-04-09,25.1,2025-08-07,47.68,120,0.8920183537307853,1.0836653386454183,2025-07-30,0.0,2025-04-09,Normal_Sell
00939,2025-04-11,6.21,2025-08-18,7.85,129,0.2590439089614651,0.3655394524959743,2025-07-10,0.0,2025-04-11,Normal_Sell
01988,2025-08-04,4.7,2025-08-18,4.45,14,-0.05697116405486902,0.05531914893617018,2025-08-05,-0.06382978723404253,2025-08-15,Normal_Sell
01347,2025-06-17,30.15,2025-08-20,46.62,64,0.5400959275478892,0.7014925373134329,2025-08-15,0.0,2025-06-17,Normal_Sell
03988,2025-06-23,4.51,2025-08-27,4.35,65,-0.03932711074525008,0.055432372505543226,2025-06-25,-0.039911308203991025,2025-08-26,Normal_Sell
01088,2025-07-03,31.35,2025-08-28,34.64,56,0.1005332238234855,0.2133971291866028,2025-08-13,-0.020733652312599715,2025-07-09,Normal_Sell
02338,2025-07-09,15.42,2025-08-29,16.26,51,0.050265228298267406,0.15693904020752258,2025-07-23,0.0,2025-07-09,Normal_Sell
00241,2025-07-08,4.2,2025-09-23,6.56,77,0.555669613154643,0.7142857142857142,2025-09-11,0.0,2025-07-08,Normal_Sell
01308,2025-07-10,24.4,2025-09-24,28.4,76,0.15928798141422074,0.2836065573770492,2025-09-11,-0.03483606557377039,2025-07-11,Normal_Sell
06969,2025-09-01,18.95,2025-09-24,17.59,23,-0.07547332775083082,0.007915567282322122,2025-09-05,-0.07176781002638521,2025-09-23,Normal_Sell
00728,2025-08-29,5.88,2025-09-25,5.36,27,-0.09207435469197645,0.0,2025-08-29,-0.08843537414965974,2025-09-24,Normal_Sell
00291,2025-08-08,26.18,2025-09-26,26.1,49,-0.007035585056014648,0.09549274255156615,2025-09-12,-0.005347593582887722,2025-08-09,Normal_Sell
00902,2025-07-08,5.05,2025-09-26,5.42,80,0.06898282642635523,0.2059405940594059,2025-09-10,-0.055445544554455495,2025-07-17,Normal_Sell
01810,2025-08-05,54.65,2025-09-29,55.5,55,0.01149941653746489,0.08783165599268083,2025-09-25,-0.070448307410796,2025-08-11,Normal_Sell
01929,2025-08-04,13.2,2025-10-06,15.14,63,0.14239097562450875,0.24848484848484853,2025-09-11,-0.0060606060606061,2025-08-05,Normal_Sell
00460,2025-09-30,1.52,2025-10-10,1.66,10,0.08774556150856183,0.256578947368421,2025-10-06,0.0,2025-09-30,Normal_Sell
01788,2025-09-29,4.4,2025-10-15,4.19,16,-0.051528760660497164,0.040909090909090784,2025-10-03,-0.05681818181818177,2025-10-14,Normal_Sell
09995,2025-10-14,95.15,2025-10-24,81.9,10,-0.14268992230987299,0.013137151865475483,2025-10-21,-0.139253809774041,2025-10-23,Normal_Sell
02331,2025-09-25,17.68,2025-10-30,16.83,35,-0.05187701520036869,0.04864253393665163,2025-10-23,-0.06052036199095023,2025-10-14,Normal_Sell
01810,2025-10-16,49.66,2025-11-03,43.8,18,-0.12152336486913407,0.0,2025-10-16,-0.130084575110753,2025-10-31,Normal_Sell
09992,2025-10-28,233.4,2025-11-10,210.0,13,-0.10384885755481321,0.0,2025-10-28,-0.12253641816623817,2025-11-07,Normal_Sell
09633,2025-03-28,35.0,2025-11-21,50.75,238,0.4442115768463073,0.602857142857143,2025-11-12,-0.07285714285714273,2025-04-07,Normal_Sell
02328,2025-09-24,17.3,2025-11-24,17.9,61,0.03055161353593383,0.11965317919075136,2025-10-27,-0.004046242774566444,2025-09-25,Normal_Sell
09866,2025-11-18,47.84,2025-11-24,44.9,6,-0.06520153672587936,0.0,2025-11-18,-0.10200668896321075,2025-11-21,Normal_Sell
00883,2025-10-10,18.73,2025-11-27,21.1,48,0.12203782504398575,0.224773091297384,2025-11-12,-0.006406833956219993,2025-10-17,Normal_Sell
00241,2025-11-25,5.75,2025-12-01,5.6,6,-0.029974832942810004,0.060869565217391175,2025-11-26,-0.03130434782608693,2025-11-28,Normal_Sell
00939,2025-09-29,7.45,2025-12-09,7.66,71,0.02408337687042028,0.13020134228187907,2025-11-13,-0.02281879194630876,2025-10-08,Normal_Sell
00836,2025-08-28,17.76,2025-12-12,17.82,106,-0.0006271241301183395,0.09459459459459452,2025-11-12,-0.012950450450450512,2025-09-26,Normal_Sell
01988,2025-11-04,4.06,2025-12-12,4.09,38,0.0033676489385761066,0.09113300492610832,2025-11-27,0.0,2025-11-04,Normal_Sell
00016,2025-08-20,90.6,2025-12-17,94.05,119,0.03393544037752294,0.14569536423841067,2025-11-12,0.0,2025-08-20,Normal_Sell
01398,2025-08-21,5.95,2025-12-17,5.98,118,0.0010298730270552614,0.10588235294117654,2025-11-12,-0.05882352941176483,2025-10-08,Normal_Sell
01860,2025-12-01,14.61,2025-12-17,15.12,16,0.030776229881100292,0.12320328542094461,2025-12-11,-0.040383299110198445,2025-12-02,Normal_Sell
03988,2025-09-29,4.2,2025-12-17,4.31,79,0.022093907423248682,0.13095238095238093,2025-11-13,-0.00952380952380949,2025-10-08,Normal_Sell
00003,2024-10-17,6.16,2025-12-18,6.98,427,0.12859346242579783,0.23538961038961048,2025-11-12,-0.045454545454545525,2024-12-05,Normal_Sell
02388,2025-04-09,28.3,2026-01-01,39.42,267,0.38737225196250624,0.4035335689045936,2025-12-30,0.0,2025-04-09,Forced_At_End
00006,2025-08-19,50.08,2026-01-01,55.15,135,0.09684185941216605,0.1202076677316295,2025-12-30,-0.019169329073482455,2025-10-13,Forced_At_End
02318,2025-09-26,51.85,2026-01-01,65.15,97,0.25149315640656966,0.28061716489874655,2025-12-29,0.0,2025-09-26,Forced_At_End
03311,2025-11-04,9.06,2026-01-01,9.11,58,0.0015047168356443485,0.08167770419426046,2025-12-02,0.0,2025-11-04,Forced_At_End
03690,2025-11-25,99.2,2026-01-01,103.3,37,0.037173636597772175,0.051411290322580516,2025-12-30,-0.03326612903225801,2025-12-03,Forced_At_End
06060,2025-11-25,15.42,2026-01-01,16.09,37,0.03928459553008112,0.0590142671854732,2025-12-29,-0.04215304798962394,2025-12-03,Forced_At_End
01339,2025-12-03,6.85,2026-01-01,6.75,29,-0.018532278508676003,0.023357664233576658,2025-12-05,-0.05109489051094884,2025-12-16,Forced_At_End
00688,2025-12-11,12.7,2026-01-01,12.25,21,-0.039283637449510356,0.0023622047244096223,2025-12-12,-0.052755905511810974,2025-12-19,Forced_At_End
00386,2025-12-15,4.3,2026-01-01,4.67,17,0.08171099661142822,0.08837209302325588,2025-12-30,0.0,2025-12-15,Forced_At_End
02367,2025-12-15,35.26,2026-01-01,33.28,17,-0.059922129648813605,0.022688598979013097,2025-12-22,-0.056154282473057204,2025-12-31,Forced_At_End
00857,2025-12-18,8.02,2026-01-01,8.38,14,0.040716571843843585,0.054862842892768215,2025-12-30,0.0,2025-12-18,Forced_At_End
00941,2025-12-18,84.1,2026-01-01,81.7,14,-0.03241554940060409,0.0,2025-12-18,-0.028537455410225787,2025-12-31,Forced_At_End
01109,2025-12-18,27.6,2026-01-01,27.2,14,-0.018426914287367424,0.01086956521739113,2025-12-23,-0.01449275362318847,2025-12-31,Forced_At_End
01347,2025-12-18,67.4,2026-01-01,74.3,14,0.09797319307971586,0.11646884272997027,2025-12-30,0.0,2025-12-18,Forced_At_End
03968,2025-12-19,51.05,2026-01-01,52.8,13,0.030151254787193382,0.038197845249755114,2025-12-30,-0.0009794319294808007,2025-12-22,Forced_At_End
