date,stockno,score,rank,actually_bought
2022-03-16,01918,0.529918,6,True
2022-03-16,00813,0.526721,7,True
2022-03-16,00836,0.487333,10,True
2022-03-16,00175,0.481564,11,True
2022-03-16,02007,0.481496,12,True
2022-03-16,00751,0.478026,13,True
2022-03-16,03323,0.477191,14,True
2022-03-16,00386,0.474136,16,True
2022-03-16,03993,0.468527,21,True
2022-03-16,00992,0.466945,23,True
2022-03-16,02628,0.460642,24,True
2022-03-16,01299,0.456025,26,True
2022-03-16,00189,0.452185,28,True
2022-03-16,01928,0.444392,30,True
2022-03-16,01810,0.440927,33,True
2022-03-16,00003,0.440697,34,False
2022-03-16,00732,0.439711,35,False
2022-03-16,09988,0.437609,36,False
2022-03-16,00960,0.434941,38,False
2022-03-16,00027,0.433346,39,False
2022-03-16,01999,0.432845,41,False
2022-03-16,06098,0.432326,42,False
2022-03-16,00168,0.432153,43,False
2022-03-16,00268,0.43214,44,False
2022-03-16,01801,0.430829,45,False
2022-03-16,02777,0.430486,46,False
2022-03-16,06618,0.429547,47,False
2022-03-16,01024,0.429274,48,False
2022-03-16,06969,0.429074,49,False
2022-03-16,09633,0.428155,51,False
2022-03-16,02380,0.428047,52,False
2022-03-16,00763,0.425351,54,False
2022-03-16,02318,0.421133,56,False
2022-03-16,01833,0.421102,57,False
2022-03-16,02688,0.419862,58,False
2022-03-16,02319,0.418797,59,False
2022-03-16,00868,0.414027,60,False
2022-03-16,03690,0.410773,61,False
2022-03-16,03968,0.410697,62,False
2022-03-16,01177,0.410565,63,False
2022-03-16,00291,0.408201,64,False
2022-03-16,02269,0.407065,65,False
2022-03-16,00914,0.405126,66,False
2022-03-16,00016,0.40064,68,False
2022-03-16,09999,0.40042,69,False
2022-03-16,01772,0.399984,70,False
2022-03-16,09888,0.399657,71,False
2022-03-16,02382,0.399244,72,False
2022-03-16,09868,0.390234,75,False
2022-03-16,02313,0.387903,76,False
2022-03-16,02020,0.385816,77,False
2022-03-16,02331,0.380922,79,False
2022-03-16,02359,0.370196,80,False
2022-03-16,02338,0.369342,81,False
2022-03-16,00669,0.363925,82,False
2022-03-16,09618,0.355036,83,False
2022-03-16,02202,0.354725,84,False
2022-03-16,02333,0.338063,86,False
2022-03-16,09626,0.259929,87,False
2022-03-16,00388,0.164048,89,False
2022-03-16,01211,0.0411103,90,False
2022-03-16,00700,0.0219748,91,False
2022-03-17,02331,0.482037,29,False
2022-03-17,06098,0.477654,33,False
2022-03-17,00732,0.474165,37,False
2022-03-17,09988,0.473214,38,False
2022-03-17,09633,0.467757,40,False
2022-03-17,01999,0.463752,42,False
2022-03-17,00003,0.462882,43,False
2022-03-17,01024,0.458019,47,False
2022-03-17,01801,0.45781,49,False
2022-03-17,02318,0.453786,53,False
2022-03-17,00268,0.450499,54,False
2022-03-17,06618,0.449522,55,False
2022-03-17,00168,0.448951,56,False
2022-03-17,01177,0.447468,57,False
2022-03-17,06969,0.446686,58,False
2022-03-17,02269,0.445468,60,False
2022-03-17,03968,0.444532,61,False
2022-03-17,02382,0.439961,63,False
2022-03-17,00763,0.439666,64,False
2022-03-17,01772,0.438128,65,False
2022-03-17,03690,0.436986,66,False
2022-03-17,00291,0.434513,68,False
2022-03-17,02688,0.431225,69,False
2022-03-17,09999,0.430021,71,False
2022-03-17,01833,0.429556,72,False
2022-03-17,02020,0.417519,77,False
2022-03-17,09868,0.417319,78,False
2022-03-17,02338,0.41488,79,False
2022-03-17,02313,0.411412,80,False
2022-03-17,09618,0.383173,84,False
2022-03-17,02333,0.371317,86,False
2022-03-17,02202,0.37108,87,False
2022-03-17,09626,0.276359,88,False
2022-03-17,00388,0.172278,90,False
2022-03-17,01211,0.0805308,91,False
2022-03-17,00700,0.0284708,92,False
2022-03-18,06969,0.469527,28,False
2022-03-18,00732,0.464551,31,False
2022-03-18,01999,0.456185,35,False
2022-03-18,00003,0.452183,39,False
2022-03-18,02331,0.447772,42,False
2022-03-18,01177,0.445536,43,False
2022-03-18,00168,0.445374,44,False
2022-03-18,06618,0.443603,48,False
2022-03-18,01801,0.44163,50,False
2022-03-18,03690,0.437651,51,False
2022-03-18,03968,0.437077,53,False
2022-03-18,09633,0.436419,56,False
2022-03-18,01833,0.433358,58,False
2022-03-18,00763,0.432855,59,False
2022-03-18,00268,0.432115,60,False
2022-03-18,06098,0.431517,61,False
2022-03-18,09988,0.431343,62,False
2022-03-18,00291,0.422995,66,False
2022-03-18,02688,0.422367,68,False
2022-03-18,02382,0.421138,69,False
2022-03-18,01772,0.42019,72,False
2022-03-18,02338,0.417947,74,False
2022-03-18,02269,0.417292,75,False
2022-03-18,09999,0.416867,76,False
2022-03-18,02020,0.414753,77,False
2022-03-18,09868,0.413275,78,False
2022-03-18,02313,0.400077,80,False
2022-03-18,02202,0.396636,81,False
2022-03-18,09618,0.376237,84,False
2022-03-18,09626,0.367982,87,False
2022-03-18,02333,0.366902,88,False
2022-03-18,00388,0.165328,90,False
2022-03-18,01211,0.0934495,91,False
2022-03-18,00700,0.0430975,92,False
2022-10-05,03988,0.822068,1,True
2022-10-05,01918,0.76406,2,True
2022-10-05,00939,0.756326,4,True
2022-10-05,01398,0.717804,5,True
2022-10-05,02007,0.685357,6,True
2022-10-05,01288,0.637831,8,True
2022-10-05,00884,0.628497,9,True
2022-10-05,01810,0.586677,12,True
2022-10-05,00902,0.571846,13,True
2022-10-05,00175,0.571395,14,True
2022-10-05,00992,0.549522,15,True
2022-10-05,02380,0.530825,17,True
2022-10-05,03323,0.527246,19,True
2022-10-05,02333,0.503546,20,True
2022-10-05,01919,0.502787,21,True
2022-10-05,00968,0.498159,24,False
2022-10-05,00003,0.49536,25,False
2022-10-05,01299,0.493967,27,False
2022-10-05,06098,0.491562,29,False
2022-10-05,00836,0.487893,30,False
2022-10-05,01024,0.48665,32,False
2022-10-05,03968,0.482143,33,False
2022-10-05,01177,0.476878,34,False
2022-10-05,02318,0.475333,35,False
2022-10-05,00960,0.472236,37,False
2022-10-05,01999,0.4688,38,False
2022-10-05,06618,0.462302,40,False
2022-10-05,09988,0.461173,41,False
2022-10-05,02319,0.455577,42,False
2022-10-05,02899,0.453832,43,False
2022-10-05,00868,0.451643,45,False
2022-10-05,00914,0.448726,46,False
2022-10-05,03800,0.445792,49,False
2022-10-05,00268,0.442966,51,False
2022-10-05,02313,0.440896,54,False
2022-10-05,09868,0.43581,56,False
2022-10-05,09999,0.434101,58,False
2022-10-05,03993,0.433799,59,False
2022-10-05,00012,0.429174,60,False
2022-10-05,01772,0.428913,61,False
2022-10-05,00005,0.424953,62,False
2022-10-05,01114,0.421627,64,False
2022-10-05,00016,0.418806,67,False
2022-10-05,09888,0.418038,68,False
2022-10-05,00002,0.416058,69,False
2022-10-05,02015,0.411975,71,False
2022-10-05,02382,0.411641,72,False
2022-10-05,00669,0.409853,73,False
2022-10-05,02359,0.409214,74,False
2022-10-05,00006,0.405127,75,False
2022-10-05,02338,0.404693,76,False
2022-10-05,00001,0.402912,77,False
2022-10-05,00011,0.397215,78,False
2022-10-05,02269,0.395536,79,False
2022-10-05,09618,0.390178,80,False
2022-10-05,09626,0.366594,83,False
2022-10-05,00388,0.331077,84,False
2022-10-05,00316,0.106978,85,False
2022-10-05,01211,0.0466687,86,False
2022-10-05,00700,0.0375935,87,False
2022-10-06,03800,0.657743,7,False
2022-10-06,00968,0.51304,24,False
2022-10-06,01024,0.494173,29,False
2022-10-06,09988,0.490533,30,False
2022-10-06,00836,0.489452,31,False
2022-10-06,00003,0.486829,32,False
2022-10-06,01177,0.478522,33,False
2022-10-06,03968,0.477985,34,False
2022-10-06,06098,0.477066,35,False
2022-10-06,01999,0.475807,36,False
2022-10-06,00960,0.474339,37,False
2022-10-06,01299,0.472934,38,False
2022-10-06,02899,0.472808,39,False
2022-10-06,03993,0.460596,41,False
2022-10-06,02318,0.460576,42,False
2022-10-06,00868,0.458912,45,False
2022-10-06,09868,0.456009,46,False
2022-10-06,00914,0.454547,48,False
2022-10-06,02319,0.45084,51,False
2022-10-06,06618,0.448363,52,False
2022-10-06,00268,0.443458,54,False
2022-10-06,02313,0.441197,55,False
2022-10-06,01114,0.437265,58,False
2022-10-06,02269,0.436075,59,False
2022-10-06,00005,0.433203,60,False
2022-10-06,02359,0.428961,63,False
2022-10-06,09999,0.428504,65,False
2022-10-06,01772,0.427911,66,False
2022-10-06,02015,0.426717,67,False
2022-10-06,02338,0.426499,68,False
2022-10-06,00012,0.42265,70,False
2022-10-06,09888,0.420548,71,False
2022-10-06,00001,0.419699,72,False
2022-10-06,00006,0.418716,73,False
2022-10-06,02382,0.417146,75,False
2022-10-06,00016,0.416883,76,False
2022-10-06,00669,0.410316,77,False
2022-10-06,00011,0.407673,78,False
2022-10-06,00002,0.398209,79,False
2022-10-06,09626,0.396689,80,False
2022-10-06,09618,0.389092,82,False
2022-10-06,00388,0.360989,84,False
2022-10-06,00316,0.182655,85,False
2022-10-06,01211,0.0796893,86,False
2022-10-06,00700,0.0609896,87,False
2022-10-07,03800,0.647107,8,False
2022-10-07,01177,0.527021,20,False
2022-10-07,09988,0.514074,23,False
2022-10-07,00968,0.509813,25,False
2022-10-07,01024,0.501201,27,False
2022-10-07,03968,0.49451,29,False
2022-10-07,00836,0.492442,30,False
2022-10-07,00003,0.490428,31,False
2022-10-07,06098,0.487412,32,False
2022-10-07,01299,0.487267,33,False
2022-10-07,03993,0.482512,34,False
2022-10-07,02318,0.48062,35,False
2022-10-07,00960,0.477398,37,False
2022-10-07,02899,0.477141,38,False
2022-10-07,00914,0.473777,39,False
2022-10-07,01999,0.472439,41,False
2022-10-07,02319,0.470466,43,False
2022-10-07,02388,0.468545,45,False
2022-10-07,00868,0.46764,46,False
2022-10-07,06618,0.463042,48,False
2022-10-07,00012,0.462155,49,False
2022-10-07,00268,0.461617,50,False
2022-10-07,03311,0.460682,52,False
2022-10-07,02269,0.460047,53,False
2022-10-07,00005,0.459892,54,False
2022-10-07,02313,0.458346,55,False
2022-10-07,01114,0.455643,56,False
2022-10-07,09999,0.453541,57,False
2022-10-07,09868,0.449835,59,False
2022-10-07,01772,0.449387,60,False
2022-10-07,02382,0.446875,61,False
2022-10-07,00002,0.442632,63,False
2022-10-07,00006,0.442408,64,False
2022-10-07,02015,0.442326,66,False
2022-10-07,00001,0.441363,67,False
2022-10-07,02359,0.43841,68,False
2022-10-07,02338,0.435844,70,False
2022-10-07,09888,0.432356,72,False
2022-10-07,09618,0.423414,74,False
2022-10-07,00016,0.420013,76,False
2022-10-07,00669,0.419547,77,False
2022-10-07,00011,0.418253,78,False
2022-10-07,09626,0.395699,79,False
2022-10-07,00388,0.358571,82,False
2022-10-07,00316,0.153861,84,False
2022-10-07,00700,0.0641556,85,False
2022-10-07,01211,0.0519401,86,False
2022-10-14,03800,0.775514,1,True
2022-10-14,02007,0.645387,6,True
2022-10-14,00884,0.63915,7,True
2022-10-14,00175,0.508848,16,True
2022-10-14,06098,0.492914,18,True
2022-10-14,09988,0.473493,20,True
2022-10-14,02333,0.460481,22,False
2022-10-14,03968,0.449453,24,False
2022-10-14,03323,0.44397,25,False
2022-10-14,01928,0.442881,26,False
2022-10-14,00968,0.442714,27,False
2022-10-14,00836,0.439596,28,False
2022-10-14,01024,0.437449,29,False
2022-10-14,00005,0.436006,30,False
2022-10-14,01810,0.435976,31,False
2022-10-14,01299,0.433867,33,False
2022-10-14,03690,0.433511,34,False
2022-10-14,00960,0.433387,35,False
2022-10-14,00688,0.433344,36,False
2022-10-14,00003,0.430309,38,False
2022-10-14,02388,0.429449,39,False
2022-10-14,02899,0.428463,40,False
2022-10-14,02318,0.428445,41,False
2022-10-14,01109,0.427023,42,False
2022-10-14,02319,0.423999,43,False
2022-10-14,00027,0.421164,44,False
2022-10-14,00268,0.418745,45,False
2022-10-14,06618,0.418671,47,False
2022-10-14,02331,0.415715,49,False
2022-10-14,00868,0.415581,50,False
2022-10-14,09888,0.414878,52,False
2022-10-14,02313,0.412732,54,False
2022-10-14,03311,0.412414,55,False
2022-10-14,09868,0.410547,56,False
2022-10-14,01114,0.410014,57,False
2022-10-14,03993,0.409568,58,False
2022-10-14,09999,0.40804,59,False
2022-10-14,00012,0.407362,60,False
2022-10-14,09626,0.405094,62,False
2022-10-14,02382,0.400833,63,False
2022-10-14,01772,0.399957,64,False
2022-10-14,02020,0.399646,65,False
2022-10-14,02015,0.398099,66,False
2022-10-14,00001,0.398037,67,False
2022-10-14,00914,0.397448,69,False
2022-10-14,00006,0.397295,70,False
2022-10-14,00291,0.396483,71,False
2022-10-14,00002,0.394403,72,False
2022-10-14,00669,0.389989,75,False
2022-10-14,09618,0.38723,77,False
2022-10-14,02338,0.381118,78,False
2022-10-14,02202,0.377576,79,False
2022-10-14,01179,0.376101,80,False
2022-10-14,00011,0.371255,81,False
2022-10-14,00388,0.359015,82,False
2022-10-14,00316,0.357133,83,False
2022-10-14,01211,0.107067,84,False
2022-10-14,00700,0.0813534,85,False
2022-10-17,03323,0.499765,14,False
2022-10-17,00968,0.482352,18,False
2022-10-17,01810,0.477311,19,False
2022-10-17,00688,0.476364,20,False
2022-10-17,03690,0.418493,27,False
2022-10-17,03968,0.416531,28,False
2022-10-17,01299,0.411171,31,False
2022-10-17,01928,0.406409,34,False
2022-10-17,00960,0.404017,36,False
2022-10-17,02318,0.401895,37,False
2022-10-17,03993,0.401282,38,False
2022-10-17,02388,0.400851,39,False
2022-10-17,00003,0.399393,40,False
2022-10-17,00268,0.398696,41,False
2022-10-17,00868,0.39847,42,False
2022-10-17,02899,0.398377,43,False
2022-10-17,00005,0.39792,44,False
2022-10-17,02333,0.397831,45,False
2022-10-17,02319,0.395277,47,False
2022-10-17,01024,0.393625,48,False
2022-10-17,09999,0.393542,49,False
2022-10-17,02331,0.39347,50,False
2022-10-17,00012,0.393029,51,False
2022-10-17,00027,0.39236,52,False
2022-10-17,01114,0.390486,53,False
2022-10-17,02313,0.389628,54,False
2022-10-17,00914,0.386865,55,False
2022-10-17,03311,0.385209,56,False
2022-10-17,09868,0.382587,58,False
2022-10-17,01772,0.381617,59,False
2022-10-17,02269,0.380692,60,False
2022-10-17,00001,0.379107,61,False
2022-10-17,09888,0.379029,62,False
2022-10-17,02382,0.378824,63,False
2022-10-17,02020,0.375612,65,False
2022-10-17,00006,0.374893,66,False
2022-10-17,00002,0.374065,68,False
2022-10-17,00291,0.374014,69,False
2022-10-17,02015,0.372462,70,False
2022-10-17,00669,0.368837,71,False
2022-10-17,00168,0.368529,72,False
2022-10-17,09618,0.366883,73,False
2022-10-17,09626,0.365889,74,False
2022-10-17,02338,0.353973,76,False
2022-10-17,02202,0.345276,78,False
2022-10-17,01179,0.332333,79,False
2022-10-17,00388,0.325535,80,False
2022-10-17,00011,0.319687,81,False
2022-10-17,00316,0.196363,82,False
2022-10-17,00700,0.0731687,83,False
2022-10-17,01211,0.0677425,84,False
2022-10-18,01810,0.573891,20,False
2022-10-18,00968,0.562552,21,False
2022-10-18,03323,0.562158,22,False
2022-10-18,00688,0.555615,23,False
2022-10-18,01024,0.519843,29,False
2022-10-18,02318,0.502872,31,False
2022-10-18,00003,0.496711,33,False
2022-10-18,00960,0.495159,34,False
2022-10-18,02333,0.49361,35,False
2022-10-18,03968,0.488433,36,False
2022-10-18,03690,0.473826,39,False
2022-10-18,01299,0.469153,40,False
2022-10-18,01928,0.46669,41,False
2022-10-18,00005,0.46457,42,False
2022-10-18,00268,0.461154,45,False
2022-10-18,00168,0.45948,46,False
2022-10-18,02899,0.458558,47,False
2022-10-18,02331,0.454225,48,False
2022-10-18,00868,0.454214,49,False
2022-10-18,00027,0.452827,50,False
2022-10-18,09868,0.450665,51,False
2022-10-18,03311,0.450615,52,False
2022-10-18,02319,0.449971,53,False
2022-10-18,02313,0.446444,55,False
2022-10-18,09999,0.445171,56,False
2022-10-18,00012,0.444135,57,False
2022-10-18,01114,0.443255,58,False
2022-10-18,09888,0.438179,59,False
2022-10-18,00914,0.437506,60,False
2022-10-18,01772,0.436899,62,False
2022-10-18,00291,0.436671,63,False
2022-10-18,02015,0.435715,64,False
2022-10-18,00006,0.433894,65,False
2022-10-18,02020,0.432159,66,False
2022-10-18,02382,0.431544,67,False
2022-10-18,00001,0.430199,70,False
2022-10-18,00002,0.428977,71,False
2022-10-18,09618,0.42611,72,False
2022-10-18,00669,0.419091,73,False
2022-10-18,02338,0.417986,74,False
2022-10-18,03993,0.416802,75,False
2022-10-18,09626,0.415968,76,False
2022-10-18,02202,0.395871,78,False
2022-10-18,01179,0.381585,79,False
2022-10-18,00011,0.377786,80,False
2022-10-18,00388,0.371709,81,False
2022-10-18,00316,0.284282,82,False
2022-10-18,01211,0.143904,83,False
2022-10-18,00700,0.101278,84,False
2022-11-01,03800,0.830917,1,True
2022-11-01,00939,0.778863,2,True
2022-11-01,01398,0.659927,5,True
2022-11-01,02007,0.616687,6,True
2022-11-01,00884,0.550266,9,True
2022-11-01,00857,0.524847,10,True
2022-11-01,00175,0.516417,11,True
2022-11-01,02380,0.506507,12,True
2022-11-01,00386,0.484723,15,True
2022-11-01,00902,0.435822,17,True
2022-11-01,06098,0.429582,18,True
2022-11-01,09988,0.423158,20,False
2022-11-01,01928,0.412225,22,False
2022-11-01,02628,0.403966,24,False
2022-11-01,00836,0.395417,25,False
2022-11-01,02328,0.39294,26,False
2022-11-01,01919,0.388972,27,False
2022-11-01,00688,0.382376,29,False
2022-11-01,01088,0.378513,30,False
2022-11-01,00003,0.37692,31,False
2022-11-01,03968,0.376093,32,False
2022-11-01,03323,0.373135,34,False
2022-11-01,00941,0.373123,35,False
2022-11-01,01299,0.372643,36,False
2022-11-01,01024,0.371589,37,False
2022-11-01,09868,0.371081,38,False
2022-11-01,03993,0.370694,39,False
2022-11-01,02318,0.367935,40,False
2022-11-01,00027,0.366813,41,False
2022-11-01,00960,0.364971,42,False
2022-11-01,01109,0.364784,43,False
2022-11-01,02319,0.364747,44,False
2022-11-01,02331,0.364374,45,False
2022-11-01,00868,0.363793,46,False
2022-11-01,02388,0.363074,47,False
2022-11-01,00005,0.357416,48,False
2022-11-01,03311,0.355722,49,False
2022-11-01,02015,0.355172,50,False
2022-11-01,03690,0.353934,51,False
2022-11-01,00388,0.347779,54,False
2022-11-01,02382,0.346587,55,False
2022-11-01,02269,0.345995,56,False
2022-11-01,09888,0.344844,57,False
2022-11-01,00012,0.34383,58,False
2022-11-01,00168,0.34181,59,False
2022-11-01,01114,0.340683,60,False
2022-11-01,01171,0.339889,61,False
2022-11-01,02313,0.337553,63,False
2022-11-01,02020,0.336905,64,False
2022-11-01,09999,0.335308,65,False
2022-11-01,00914,0.331712,66,False
2022-11-01,00001,0.327593,67,False
2022-11-01,00291,0.327556,68,False
2022-11-01,00006,0.322676,69,False
2022-11-01,00016,0.320919,70,False
2022-11-01,00002,0.314537,73,False
2022-11-01,09618,0.312287,75,False
2022-11-01,00669,0.30544,76,False
2022-11-01,01179,0.297195,77,False
2022-11-01,02202,0.295309,78,False
2022-11-01,00011,0.286686,79,False
2022-11-01,01211,0.195348,80,False
2022-11-01,00316,0.142476,81,False
2022-11-01,00700,0.127188,82,False
2022-11-02,02628,0.470352,18,False
2022-11-02,09988,0.437561,22,False
2022-11-02,01919,0.416209,25,False
2022-11-02,01114,0.410089,27,False
2022-11-02,00836,0.407715,28,False
2022-11-02,02328,0.407012,29,False
2022-11-02,01088,0.40139,30,False
2022-11-02,01024,0.401336,31,False
2022-11-02,00688,0.395477,32,False
2022-11-02,03323,0.391912,33,False
2022-11-02,02318,0.391713,34,False
2022-11-02,01299,0.391593,35,False
2022-11-02,03968,0.38416,36,False
2022-11-02,00003,0.382906,38,False
2022-11-02,03993,0.377864,40,False
2022-11-02,09868,0.374484,41,False
2022-11-02,03690,0.37392,42,False
2022-11-02,02319,0.373642,43,False
2022-11-02,00005,0.373497,44,False
2022-11-02,02388,0.370717,45,False
2022-11-02,00960,0.370583,46,False
2022-11-02,02331,0.370082,47,False
2022-11-02,01109,0.369651,48,False
2022-11-02,00868,0.368479,50,False
2022-11-02,00027,0.367019,51,False
2022-11-02,00388,0.365242,52,False
2022-11-02,02269,0.363218,54,False
2022-11-02,02015,0.361095,56,False
2022-11-02,01171,0.359845,57,False
2022-11-02,09888,0.354015,60,False
2022-11-02,02313,0.349905,61,False
2022-11-02,00168,0.349074,62,False
2022-11-02,09999,0.34766,63,False
2022-11-02,00012,0.345001,64,False
2022-11-02,02020,0.340968,65,False
2022-11-02,00291,0.340563,66,False
2022-11-02,00914,0.340253,67,False
2022-11-02,00001,0.338516,69,False
2022-11-02,00006,0.333353,70,False
2022-11-02,00016,0.331287,72,False
2022-11-02,00002,0.326302,73,False
2022-11-02,09618,0.321486,75,False
2022-11-02,00669,0.318996,76,False
2022-11-02,00011,0.303593,78,False
2022-11-02,02202,0.302387,79,False
2022-11-02,01211,0.258159,80,False
2022-11-02,00700,0.143788,81,False
2022-11-02,00316,0.119943,82,False
2022-11-03,01810,0.58321,9,False
2022-11-03,02628,0.461197,18,False
2022-11-03,01919,0.446275,19,False
2022-11-03,09988,0.442006,20,False
2022-11-03,03993,0.440581,21,False
2022-11-03,02333,0.439255,22,False
2022-11-03,02328,0.43138,25,False
2022-11-03,03323,0.423815,28,False
2022-11-03,00836,0.421729,29,False
2022-11-03,01024,0.421675,30,False
2022-11-03,01088,0.41247,31,False
2022-11-03,01928,0.411384,32,False
2022-11-03,00688,0.404788,33,False
2022-11-03,01299,0.403387,35,False
2022-11-03,03690,0.402551,36,False
2022-11-03,03968,0.397465,37,False
2022-11-03,00003,0.396492,38,False
2022-11-03,02318,0.395763,39,False
2022-11-03,09868,0.391977,41,False
2022-11-03,02331,0.390266,42,False
2022-11-03,00868,0.388642,43,False
2022-11-03,00960,0.388174,44,False
2022-11-03,02388,0.38449,46,False
2022-11-03,02319,0.383825,47,False
2022-11-03,02382,0.382706,48,False
2022-11-03,01109,0.381544,49,False
2022-11-03,00012,0.379575,50,False
2022-11-03,00005,0.379205,51,False
2022-11-03,02015,0.378718,52,False
2022-11-03,00027,0.377987,53,False
2022-11-03,02269,0.374858,56,False
2022-11-03,00388,0.372392,58,False
2022-11-03,02313,0.371409,59,False
2022-11-03,09888,0.370317,60,False
2022-11-03,01171,0.367881,61,False
2022-11-03,00168,0.366634,62,False
2022-11-03,01114,0.364741,63,False
2022-11-03,02020,0.362102,64,False
2022-11-03,09999,0.361881,65,False
2022-11-03,00291,0.361226,66,False
2022-11-03,00914,0.360254,67,False
2022-11-03,09618,0.355009,68,False
2022-11-03,00001,0.353198,71,False
2022-11-03,00006,0.351977,72,False
2022-11-03,00016,0.349929,73,False
2022-11-03,00002,0.338964,75,False
2022-11-03,00669,0.335669,76,False
2022-11-03,02202,0.33089,77,False
2022-11-03,01179,0.327127,78,False
2022-11-03,00011,0.324125,79,False
2022-11-03,01211,0.257401,80,False
2022-11-03,00700,0.164212,81,False
2022-11-03,00316,0.11566,82,False
2023-02-07,02269,0.474873,26,True
2023-02-07,01177,0.441278,45,True
2023-02-07,01109,0.438991,49,True
2023-02-07,02388,0.433809,54,False
2023-02-07,00868,0.429167,60,False
2023-02-07,09618,0.42759,62,False
2023-02-07,09626,0.395057,85,False
2023-02-08,02628,0.450889,34,True
2023-02-08,00688,0.449679,35,False
2023-02-08,06098,0.408253,80,False
2023-02-08,02202,0.406693,82,False
2023-02-08,00388,0.223844,93,False
2023-02-09,00241,0.445356,20,False
2023-02-09,09618,0.369887,69,False
2023-02-09,09626,0.348663,81,False
2023-02-09,01818,0.305266,90,False
2023-02-13,06098,0.37514,28,False
2023-02-13,02313,0.317522,76,False
2023-02-13,01818,0.283839,86,False
2023-02-14,01797,0.40853,41,False
2023-02-16,01171,0.387725,46,True
2023-02-16,00001,0.353243,71,False
2023-02-16,00316,0.0911913,95,False
2023-02-20,00268,0.378179,54,False
2023-02-20,00006,0.356547,74,False
2023-02-20,00002,0.356038,75,False
2023-02-21,00003,0.462963,44,False
2023-02-22,00268,0.423713,64,False
2023-02-23,01810,0.661863,10,True
2023-02-23,01772,0.514737,67,False
2023-02-23,00700,0.450423,87,False
2023-02-24,02380,0.51138,44,False
2023-02-27,00700,0.342903,89,False
2023-03-01,03800,0.490852,13,False
2023-03-01,01919,0.459112,21,False
2023-03-01,01066,0.414667,44,False
2023-03-01,00016,0.336909,83,False
2023-03-09,09901,0.217386,87,False
2023-03-13,02628,0.359752,22,True
2023-03-13,00027,0.297995,57,True
2023-03-13,02015,0.293015,60,True
2023-03-13,00868,0.290061,64,True
2023-03-13,09888,0.268627,73,False
2023-03-13,00011,0.200847,90,False
2023-04-26,00291,0.423597,60,True
2023-04-26,02338,0.412029,65,True
2023-04-26,09961,0.395048,72,True
2023-04-26,01179,0.374396,78,True
2023-04-26,00388,0.349909,88,False
2023-04-26,09618,0.328235,90,False
2023-04-26,00004,0.311904,92,False
2023-04-26,00700,0.274157,96,False
2023-04-27,00992,0.505276,18,False
2023-04-27,01810,0.489003,22,False
2023-04-27,02382,0.41624,66,False
2023-04-28,03968,0.384422,57,False
2023-04-28,02359,0.335522,89,False
2023-05-08,01299,0.390475,54,False
2023-05-15,01818,0.405186,35,True
2023-05-15,00941,0.38759,57,True
2023-05-15,00016,0.364861,75,True
2023-05-15,00669,0.364474,76,False
2023-05-18,00011,0.372525,74,False
2023-05-18,00728,0.295248,85,False
2023-05-18,00316,0.163267,87,False
2023-05-19,01093,0.468768,22,False
2023-05-22,03323,0.447127,36,False
2023-06-02,06878,0.998143,1,True
2023-06-02,02007,0.718375,4,True
2023-06-02,00020,0.703935,6,True
2023-06-02,01918,0.538896,10,True
2023-06-02,00708,0.533504,13,True
2023-06-02,01810,0.520514,15,True
2023-06-02,01093,0.487902,18,True
2023-06-02,02343,0.487757,19,True
2023-06-02,03323,0.474318,20,False
2023-06-02,06098,0.462092,24,False
2023-06-02,00268,0.433669,27,False
2023-06-02,03690,0.420965,31,False
2023-06-02,02333,0.417024,34,False
2023-06-02,00688,0.416309,35,False
2023-06-02,02601,0.414602,36,False
2023-06-02,09868,0.410731,40,False
2023-06-02,00960,0.410104,41,False
2023-06-02,03968,0.402774,45,False
2023-06-02,02388,0.39987,46,False
2023-06-02,02331,0.398813,48,False
2023-06-02,01999,0.397708,49,False
2023-06-02,01109,0.394649,50,False
2023-06-02,00027,0.394475,51,False
2023-06-02,02319,0.393483,52,False
2023-06-02,00868,0.392995,53,False
2023-06-02,03311,0.39196,54,False
2023-06-02,00669,0.389786,56,False
2023-06-02,01177,0.387692,57,False
2023-06-02,01171,0.386627,58,False
2023-06-02,02269,0.38659,59,False
2023-06-02,01114,0.386416,60,False
2023-06-02,00914,0.379769,63,False
2023-06-02,02202,0.378236,65,False
2023-06-02,02382,0.377076,66,False
2023-06-02,02313,0.375923,67,False
2023-06-02,02359,0.370822,69,False
2023-06-02,00291,0.368654,70,False
2023-06-02,02020,0.367027,71,False
2023-06-02,02899,0.364191,75,False
2023-06-02,09626,0.358755,77,False
2023-06-02,00011,0.356748,78,False
2023-06-02,02338,0.332516,80,False
2023-06-02,01179,0.317303,83,False
2023-06-02,00388,0.316585,84,False
2023-06-02,00316,0.144971,85,False
2023-06-02,00700,0.0250988,87,False
2023-06-05,02333,0.460546,24,False
2023-06-05,09868,0.451691,28,False
2023-06-05,09618,0.445941,31,False
2023-06-05,03323,0.444551,32,False
2023-06-05,00268,0.438074,38,False
2023-06-05,00960,0.437187,39,False
2023-06-05,00688,0.435317,40,False
2023-06-05,03968,0.435282,41,False
2023-06-05,01999,0.430592,44,False
2023-06-05,02388,0.43011,45,False
2023-06-05,00027,0.428639,46,False
2023-06-05,01114,0.427306,47,False
2023-06-05,02331,0.423576,49,False
2023-06-05,02319,0.421412,50,False
2023-06-05,02269,0.420049,52,False
2023-06-05,01109,0.419939,53,False
2023-06-05,02202,0.419328,54,False
2023-06-05,00868,0.418435,55,False
2023-06-05,03311,0.417719,56,False
2023-06-05,03690,0.415579,59,False
2023-06-05,02020,0.415229,60,False
2023-06-05,01177,0.411441,62,False
2023-06-05,00914,0.411089,63,False
2023-06-05,01171,0.408499,64,False
2023-06-05,02382,0.406941,66,False
2023-06-05,02899,0.401493,68,False
2023-06-05,02313,0.400493,69,False
2023-06-05,09626,0.395882,70,False
2023-06-05,00291,0.393486,73,False
2023-06-05,02359,0.386308,75,False
2023-06-05,00669,0.371034,78,False
2023-06-05,00011,0.368483,80,False
2023-06-05,02338,0.367796,81,False
2023-06-05,01179,0.352373,82,False
2023-06-05,00388,0.338547,83,False
2023-06-05,00316,0.15172,84,False
2023-06-06,03993,0.492807,18,False
2023-06-06,02333,0.452622,23,False
2023-06-06,03690,0.449795,25,False
2023-06-06,00268,0.447235,29,False
2023-06-06,09868,0.442798,31,False
2023-06-06,03323,0.436862,36,False
2023-06-06,00688,0.435882,38,False
2023-06-06,00960,0.435182,39,False
2023-06-06,02269,0.434969,40,False
2023-06-06,02202,0.433017,43,False
2023-06-06,02331,0.432322,44,False
2023-06-06,01171,0.428791,45,False
2023-06-06,01999,0.427667,46,False
2023-06-06,01177,0.427502,47,False
2023-06-06,03968,0.427194,48,False
2023-06-06,02388,0.426899,49,False
2023-06-06,01109,0.425909,50,False
2023-06-06,00027,0.424938,52,False
2023-06-06,02319,0.422742,53,False
2023-06-06,01114,0.420026,54,False
2023-06-06,02020,0.41995,55,False
2023-06-06,00868,0.416794,58,False
2023-06-06,03311,0.415384,60,False
2023-06-06,02382,0.413773,64,False
2023-06-06,09626,0.410937,65,False
2023-06-06,02313,0.409264,66,False
2023-06-06,00914,0.406338,67,False
2023-06-06,02899,0.404634,69,False
2023-06-06,02359,0.399276,70,False
2023-06-06,00291,0.398661,71,False
2023-06-06,00669,0.395904,73,False
2023-06-06,02338,0.373216,79,False
2023-06-06,00011,0.371222,80,False
2023-06-06,00388,0.360934,81,False
2023-06-06,01179,0.360849,82,False
2023-06-06,00316,0.145165,83,False
2023-06-06,00700,0.0410846,85,False
2023-06-08,00836,0.410165,42,False
2023-08-22,00939,0.874464,1,True
2023-08-22,00020,0.798973,2,True
2023-08-22,02007,0.742814,3,True
2023-08-22,03988,0.717836,4,True
2023-08-22,01398,0.707217,5,True
2023-08-22,03333,0.703229,6,True
2023-08-22,01288,0.564268,10,True
2023-08-22,00708,0.542078,11,True
2023-08-22,06098,0.509182,14,True
2023-08-22,02628,0.479233,18,True
2023-08-22,02328,0.467978,19,False
2023-08-22,01093,0.456618,20,False
2023-08-22,00960,0.452066,22,False
2023-08-22,02020,0.446921,24,False
2023-08-22,01177,0.441889,25,False
2023-08-22,02331,0.4416,26,False
2023-08-22,00688,0.439565,27,False
2023-08-22,01088,0.436765,29,False
2023-08-22,03968,0.429323,31,False
2023-08-22,01299,0.426173,33,False
2023-08-22,02202,0.424901,34,False
2023-08-22,02318,0.422054,39,False
2023-08-22,01928,0.419575,40,False
2023-08-22,01818,0.418533,41,False
2023-08-22,01109,0.417893,42,False
2023-08-22,00003,0.417632,43,False
2023-08-22,02601,0.41616,44,False
2023-08-22,09688,0.41577,45,False
2023-08-22,02319,0.411838,46,False
2023-08-22,00868,0.410687,47,False
2023-08-22,00291,0.409666,48,False
2023-08-22,02388,0.407491,51,False
2023-08-22,02382,0.406566,52,False
2023-08-22,01171,0.406426,53,False
2023-08-22,09618,0.405103,57,False
2023-08-22,00001,0.387278,65,False
2023-08-22,00011,0.360933,70,False
2023-08-22,00388,0.355414,71,False
2023-08-22,02338,0.351752,72,False
2023-08-22,00700,0.241774,73,False
2023-08-22,01211,0.0656894,75,False
2023-08-23,01093,0.489064,14,False
2023-08-23,02328,0.468849,17,False
2023-08-23,00960,0.460326,21,False
2023-08-23,00688,0.446222,24,False
2023-08-23,02331,0.444269,27,False
2023-08-23,01177,0.439912,29,False
2023-08-23,01088,0.43365,31,False
2023-08-23,01299,0.433483,32,False
2023-08-23,01109,0.433171,33,False
2023-08-23,01818,0.432283,34,False
2023-08-23,00003,0.429446,36,False
2023-08-23,01928,0.42612,38,False
2023-08-23,02388,0.425434,40,False
2023-08-23,02202,0.423394,41,False
2023-08-23,02319,0.422114,43,False
2023-08-23,00868,0.420602,44,False
2023-08-23,02318,0.416859,46,False
2023-08-23,00027,0.415557,48,False
2023-08-23,02601,0.414304,49,False
2023-08-23,09688,0.413882,51,False
2023-08-23,03968,0.413486,52,False
2023-08-23,09618,0.412819,53,False
2023-08-23,02382,0.404422,58,False
2023-08-23,00001,0.40424,59,False
2023-08-23,00291,0.402682,62,False
2023-08-23,00388,0.372573,70,False
2023-08-23,00011,0.364551,72,False
2023-08-23,02338,0.362708,73,False
2023-08-23,00700,0.251112,74,False
2023-08-23,01211,0.0631808,76,False
2023-08-24,01177,0.4829,13,False
2023-08-24,01093,0.462571,18,False
2023-08-24,02328,0.443588,20,False
2023-08-24,00688,0.437175,23,False
2023-08-24,00960,0.428084,26,False
2023-08-24,02331,0.419639,28,False
2023-08-24,02202,0.413375,31,False
2023-08-24,02388,0.404504,35,False
2023-08-24,02319,0.402061,39,False
2023-08-24,01299,0.401538,40,False
2023-08-24,01088,0.400278,41,False
2023-08-24,02601,0.399739,43,False
2023-08-24,00003,0.399038,44,False
2023-08-24,00868,0.395556,47,False
2023-08-24,09688,0.394581,50,False
2023-08-24,00291,0.394245,51,False
2023-08-24,02382,0.389721,52,False
2023-08-24,09618,0.388661,53,False
2023-08-24,02318,0.384388,56,False
2023-08-24,03968,0.381169,62,False
2023-08-24,00001,0.374685,67,False
2023-08-24,00388,0.356821,69,False
2023-08-24,00669,0.35562,70,False
2023-08-24,00011,0.346864,72,False
2023-08-24,02338,0.339817,73,False
2023-08-24,00700,0.263872,74,False
2023-08-24,01211,0.0678539,76,False
2024-01-18,02007,0.960007,1,True
2024-01-18,01398,0.889837,3,True
2024-01-18,01918,0.834677,4,True
2024-01-18,00857,0.767011,6,True
2024-01-18,00386,0.684296,7,True
2024-01-18,09988,0.51381,14,True
2024-01-18,02628,0.504911,15,True
2024-01-18,03690,0.485683,19,True
2024-01-18,02318,0.48449,20,True
2024-01-18,00688,0.484358,21,True
2024-01-18,02331,0.483149,23,True
2024-01-18,00268,0.482526,24,True
2024-01-18,01024,0.480525,25,False
2024-01-18,01942,0.480186,26,False
2024-01-18,03968,0.476877,29,False
2024-01-18,01299,0.475542,30,False
2024-01-18,01818,0.475359,31,False
2024-01-18,02202,0.474129,32,False
2024-01-18,01928,0.472264,33,False
2024-01-18,09868,0.468784,35,False
2024-01-18,02319,0.468235,36,False
2024-01-18,02333,0.465778,37,False
2024-01-18,01109,0.463811,38,False
2024-01-18,02388,0.463651,39,False
2024-01-18,02382,0.460902,40,False
2024-01-18,00763,0.46073,41,False
2024-01-18,00027,0.459731,43,False
2024-01-18,09618,0.457859,44,False
2024-01-18,00914,0.453965,46,False
2024-01-18,02020,0.453378,47,False
2024-01-18,00291,0.453159,48,False
2024-01-18,09888,0.450094,49,False
2024-01-18,02015,0.449713,50,False
2024-01-18,02313,0.443297,51,False
2024-01-18,09999,0.44128,52,False
2024-01-18,00001,0.439286,53,False
2024-01-18,02899,0.432449,57,False
2024-01-18,09688,0.430062,58,False
2024-01-18,00016,0.429224,59,False
2024-01-18,02359,0.41977,61,False
2024-01-18,01179,0.410193,63,False
2024-01-18,00011,0.403491,64,False
2024-01-18,00388,0.367804,66,False
2024-01-18,00700,0.251199,69,False
2024-01-18,01211,0.0345249,70,False
2024-01-19,01942,0.434585,18,False
2024-01-19,03968,0.420191,20,False
2024-01-19,01299,0.418573,21,False
2024-01-19,01801,0.413134,27,False
2024-01-19,01024,0.412875,28,False
2024-01-19,02319,0.409639,31,False
2024-01-19,09868,0.405647,34,False
2024-01-19,02269,0.405624,35,False
2024-01-19,01818,0.40524,36,False
2024-01-19,01109,0.404414,37,False
2024-01-19,09618,0.402534,38,False
2024-01-19,02388,0.40198,39,False
2024-01-19,02202,0.39985,40,False
2024-01-19,02382,0.398726,41,False
2024-01-19,00763,0.396328,42,False
2024-01-19,02333,0.395957,43,False
2024-01-19,00291,0.395918,44,False
2024-01-19,00027,0.395848,45,False
2024-01-19,00914,0.395707,46,False
2024-01-19,02020,0.387927,48,False
2024-01-19,09888,0.386945,49,False
2024-01-19,02015,0.384275,50,False
2024-01-19,00001,0.378816,51,False
2024-01-19,02313,0.37853,53,False
2024-01-19,09999,0.377412,55,False
2024-01-19,00016,0.374204,57,False
2024-01-19,09688,0.370419,58,False
2024-01-19,02899,0.367289,60,False
2024-01-19,01179,0.356467,63,False
2024-01-19,00011,0.348912,64,False
2024-01-19,00388,0.338923,66,False
2024-01-19,00700,0.190174,69,False
2024-01-19,01211,0.0230855,70,False
2024-01-22,01942,0.58247,7,False
2024-01-22,01093,0.442816,14,False
2024-01-22,01024,0.432451,19,False
2024-01-22,01801,0.42033,24,False
2024-01-22,01928,0.418884,25,False
2024-01-22,09868,0.417819,28,False
2024-01-22,01818,0.41578,29,False
2024-01-22,03968,0.415683,30,False
2024-01-22,02269,0.415234,32,False
2024-01-22,02333,0.413349,34,False
2024-01-22,01109,0.412493,35,False
2024-01-22,02202,0.410382,36,False
2024-01-22,00027,0.410367,37,False
2024-01-22,02319,0.409229,38,False
2024-01-22,01299,0.408511,39,False
2024-01-22,02388,0.407151,40,False
2024-01-22,02382,0.40578,41,False
2024-01-22,00291,0.404971,42,False
2024-01-22,09618,0.404221,43,False
2024-01-22,00914,0.402575,44,False
2024-01-22,00763,0.401651,45,False
2024-01-22,02020,0.399266,47,False
2024-01-22,09888,0.39902,48,False
2024-01-22,02015,0.397631,50,False
2024-01-22,02313,0.392606,51,False
2024-01-22,00001,0.387356,52,False
2024-01-22,09688,0.387084,53,False
2024-01-22,09999,0.384893,55,False
2024-01-22,02899,0.384261,56,False
2024-01-22,00016,0.376357,57,False
2024-01-22,02359,0.364216,61,False
2024-01-22,01179,0.361887,62,False
2024-01-22,00011,0.353045,64,False
2024-01-22,00388,0.349795,65,False
2024-01-22,01211,0.025396,69,False
2024-01-22,00700,0.0223149,70,False
2024-01-23,01918,0.626018,5,True
2024-01-23,01942,0.506725,10,True
2024-01-23,01818,0.378069,23,False
2024-01-23,02269,0.376643,24,False
2024-01-23,02319,0.375811,26,False
2024-01-23,01299,0.375668,27,False
2024-01-23,02202,0.372074,29,False
2024-01-23,01024,0.37121,30,False
2024-01-23,02388,0.371039,31,False
2024-01-23,01109,0.370025,32,False
2024-01-23,09868,0.369572,33,False
2024-01-23,01928,0.369191,34,False
2024-01-23,00268,0.368623,35,False
2024-01-23,01801,0.367038,37,False
2024-01-23,00027,0.362871,38,False
2024-01-23,09618,0.361518,40,False
2024-01-23,00763,0.360982,41,False
2024-01-23,00914,0.35886,42,False
2024-01-23,02020,0.358117,43,False
2024-01-23,00291,0.358103,44,False
2024-01-23,02382,0.357524,45,False
2024-01-23,09888,0.357302,47,False
2024-01-23,02015,0.351492,48,False
2024-01-23,02333,0.349236,49,False
2024-01-23,02313,0.348704,50,False
2024-01-23,00001,0.347716,51,False
2024-01-23,09999,0.341635,53,False
2024-01-23,09688,0.341177,54,False
2024-01-23,00016,0.339086,56,False
2024-01-23,02899,0.335401,58,False
2024-01-23,01179,0.321712,63,False
2024-01-23,00011,0.317473,64,False
2024-01-23,00388,0.309435,66,False
2024-01-23,00700,0.0172829,69,False
2024-01-23,01211,0.0151994,70,False
2024-01-24,01024,0.446506,18,False
2024-01-24,02202,0.418744,28,False
2024-01-24,00268,0.416858,30,False
2024-01-24,01109,0.416729,31,False
2024-01-24,02319,0.416428,32,False
2024-01-24,09868,0.413984,34,False
2024-01-24,01299,0.413724,35,False
2024-01-24,02333,0.412308,36,False
2024-01-24,09618,0.411856,37,False
2024-01-24,01801,0.409017,38,False
2024-01-24,02388,0.406879,41,False
2024-01-24,01818,0.405883,42,False
2024-01-24,00291,0.404678,43,False
2024-01-24,00027,0.404656,44,False
2024-01-24,00763,0.401233,46,False
2024-01-24,00914,0.400647,47,False
2024-01-24,02020,0.398647,48,False
2024-01-24,02015,0.396303,50,False
2024-01-24,02313,0.392336,51,False
2024-01-24,02899,0.391947,52,False
2024-01-24,00388,0.378614,56,False
2024-01-24,09688,0.37803,57,False
2024-01-24,00016,0.377312,58,False
2024-01-24,00011,0.361394,63,False
2024-01-24,00700,0.0315439,69,False
2024-01-24,01211,0.024483,70,False
2024-01-25,01024,0.374799,20,False
2024-01-25,02202,0.371295,22,False
2024-01-25,09868,0.360789,28,False
2024-01-25,02319,0.35915,31,False
2024-01-25,02333,0.358968,32,False
2024-01-25,00268,0.358324,34,False
2024-01-25,01818,0.353932,37,False
2024-01-25,01109,0.352321,38,False
2024-01-25,02388,0.351298,40,False
2024-01-25,01801,0.351225,41,False
2024-01-25,00763,0.34801,43,False
2024-01-25,00027,0.347777,44,False
2024-01-25,00291,0.346656,45,False
2024-01-25,02015,0.346635,46,False
2024-01-25,02020,0.346616,47,False
2024-01-25,00914,0.3456,48,False
2024-01-25,09618,0.345474,49,False
2024-01-25,00016,0.328809,56,False
2024-01-25,09688,0.32875,57,False
2024-01-25,02359,0.317265,61,False
2024-01-25,00011,0.313855,64,False
2024-01-25,00388,0.308132,65,False
2024-01-25,01211,0.0288046,69,False
2024-06-03,01114,0.419385,17,True
2024-06-03,01928,0.406363,24,True
2024-06-03,03690,0.368868,56,False
2024-06-03,02020,0.340994,68,False
2024-06-04,00291,0.365689,56,False
2024-06-06,01171,0.32898,57,False
2024-06-13,02333,0.356454,12,True
2024-06-13,02328,0.324657,22,True
2024-06-13,00267,0.320962,25,True
2024-06-13,00868,0.302223,41,False
2024-06-13,00006,0.259129,66,False
2024-06-17,00386,0.421676,12,True
2024-06-17,00005,0.233404,70,False
2024-06-18,09868,0.297581,30,False
2024-07-11,00005,0.477998,11,True
2024-07-11,01109,0.352931,50,False
2024-07-15,00836,0.433105,24,False
2024-07-15,01088,0.427811,26,False
2024-07-19,00268,0.36108,44,False
2024-07-22,03988,0.648996,4,True
2024-07-22,00992,0.433357,19,True
2024-07-22,03328,0.42754,23,False
2024-07-22,00902,0.417143,30,False
2024-07-22,01109,0.411299,34,False
2024-07-22,09961,0.356215,60,False
2024-07-22,00700,0.0810007,84,False
2024-07-23,00857,0.547811,5,False
2024-07-31,02319,0.481524,30,True
2024-07-31,02382,0.47875,32,True
2024-07-31,00291,0.458899,48,False
2024-07-31,00941,0.455561,53,False
2024-07-31,00868,0.446885,62,False
2024-07-31,01211,0.156684,86,False
2024-08-01,00762,0.589293,16,False
2024-09-10,01398,0.782678,4,True
2024-09-10,03328,0.451528,18,True
2024-09-10,00883,0.444312,24,False
2024-09-12,00020,0.990875,1,True
2024-09-12,03988,0.719404,3,True
2024-09-12,00386,0.654028,4,False
2024-09-12,01919,0.510052,14,False
2024-09-12,01378,0.500186,16,False
2024-09-12,02331,0.490061,24,False
2024-09-12,00267,0.472234,32,False
2024-09-12,01088,0.451092,54,False
2024-09-12,00941,0.447113,58,False
2024-09-12,00522,0.4375,65,False
2024-09-12,02338,0.419135,71,False
2024-09-12,00388,0.391532,79,False
2024-09-12,00316,0.0876386,85,False
2024-09-13,00857,0.491496,11,False
2024-09-13,00762,0.431025,33,False
2024-09-13,00883,0.412561,48,False
2024-09-13,02313,0.403178,58,False
2024-09-13,01171,0.381074,71,False
2024-09-16,02382,0.415981,44,False
2024-09-19,00268,0.413815,41,False
2024-09-25,00006,0.393415,80,False
2024-11-15,00939,0.679211,4,True
2024-11-15,01288,0.43072,11,True
2024-11-15,01378,0.363789,22,True
2024-11-15,00960,0.330881,38,True
2024-11-15,02388,0.309105,81,False
2024-11-15,00006,0.269139,99,False
2024-11-18,02628,0.385498,25,True
2024-11-18,00688,0.381049,29,False
2024-11-18,00027,0.368878,41,False
2024-11-18,01109,0.36368,47,False
2024-11-18,01336,0.356509,57,False
2024-11-18,03690,0.356507,58,False
2024-11-18,00914,0.344283,82,False
2024-11-19,02269,0.405148,58,False
2024-11-19,09626,0.374593,87,False
2024-11-20,09688,0.36287,101,False
2024-11-25,00020,0.953221,1,False
2024-11-25,03800,0.653578,6,False
2024-11-25,00175,0.614885,8,False
2024-11-25,01336,0.422007,66,False
2024-11-25,00388,0.373834,93,False
2024-11-25,02359,0.3622,97,False
2024-11-27,01919,0.398303,34,False
2024-12-02,01658,0.386316,15,False
2024-12-18,01177,0.495302,25,True
2024-12-18,00688,0.475058,39,True
2024-12-18,01299,0.471727,43,False
2024-12-18,01801,0.456468,54,False
2024-12-18,01735,0.419883,89,False
2024-12-18,02899,0.400359,99,False
2024-12-23,02202,0.576402,11,False
2024-12-23,00968,0.526103,17,False
2024-12-23,09988,0.510765,20,False
2024-12-23,00012,0.441025,83,False
2024-12-23,00016,0.423548,91,False
2024-12-24,01171,0.418728,29,False
2024-12-24,01801,0.399894,45,False
2024-12-30,09992,0.453435,77,False
2024-12-31,00027,0.389899,74,False
2025-01-02,03998,0.360981,35,False
2025-01-03,00175,0.457312,12,True
2025-01-03,00027,0.389518,38,False
2025-01-03,00268,0.364451,65,False
2025-01-03,09888,0.358564,72,False
2025-01-06,01788,0.628526,9,False
2025-01-06,02318,0.553269,18,False
2025-01-06,06881,0.520907,31,False
2025-01-06,01928,0.50112,52,False
2025-01-06,09868,0.486696,60,False
2025-01-07,06099,0.495406,30,False
2025-01-07,06862,0.49539,31,False
2025-01-07,00551,0.37466,98,False
2025-01-07,09626,0.35995,102,False
2025-01-08,02318,0.414261,68,False
2025-01-08,09961,0.362672,94,False
2025-01-09,06099,0.423242,19,False
2025-01-09,03998,0.373042,61,False
2025-01-09,02333,0.225373,113,False
2025-01-13,00836,0.446294,23,True
2025-01-13,06099,0.432937,34,True
2025-01-13,06862,0.420225,48,True
2025-01-13,02388,0.418438,50,False
2025-01-13,00700,0.186556,113,False
2025-01-14,00902,0.380772,33,False
2025-01-14,02319,0.375022,38,False
2025-01-14,00285,0.343483,76,False
2025-01-14,02318,0.322983,95,False
2025-01-16,02313,0.337045,108,False
2025-01-27,09901,0.358846,57,False
2025-02-24,01171,0.424444,75,True
2025-02-24,01088,0.404236,91,False
2025-02-26,00300,0.398106,86,True
2025-02-26,00914,0.385125,95,False
2025-02-26,09999,0.378861,102,False
2025-03-04,03998,0.457143,47,True
2025-03-04,06690,0.427699,65,True
2025-03-04,03888,0.411163,81,True
2025-03-04,06682,0.396339,91,False
2025-03-05,02601,0.461242,62,False
2025-03-14,03800,0.995179,1,False
2025-03-14,00968,0.604988,13,False
2025-03-19,01114,0.320413,122,False
2025-03-24,00981,0.640596,9,False
2025-03-24,00006,0.366348,105,False
2025-03-26,00762,0.443692,23,True
2025-03-26,02202,0.428438,26,True
2025-03-26,01347,0.397491,43,True
2025-03-26,01686,0.385151,53,False
2025-03-26,00960,0.384139,54,False
2025-03-26,09880,0.364111,86,False
2025-03-26,01928,0.35911,90,False
2025-03-26,09926,0.356517,97,False
2025-03-26,09896,0.353389,101,False
2025-03-26,00006,0.350958,106,False
2025-03-27,09633,0.368411,85,True
2025-03-27,03311,0.357125,108,False
2025-04-01,06099,0.440445,38,True
2025-04-01,00960,0.423927,57,True
2025-04-01,01988,0.422104,60,False
2025-04-01,00027,0.416253,75,False
2025-04-02,01347,0.489485,21,True
2025-04-02,01658,0.478897,24,False
2025-04-02,06030,0.446239,32,False
2025-04-02,00688,0.434835,38,False
2025-04-02,02331,0.392894,86,False
2025-04-03,01810,0.623761,8,False
2025-04-08,01860,0.540509,16,True
2025-04-08,00728,0.534051,17,True
2025-04-08,02319,0.492662,42,True
2025-04-08,01336,0.487956,44,True
2025-04-08,03323,0.486407,46,True
2025-04-08,00836,0.485378,47,True
2025-04-08,00902,0.485101,48,True
2025-04-08,06862,0.480074,55,True
2025-04-08,00291,0.477019,62,True
2025-04-08,02388,0.467704,77,True
2025-04-08,01088,0.466942,80,True
2025-04-08,00914,0.452347,100,False
2025-04-08,09999,0.446848,107,False
2025-04-08,09901,0.418454,114,False
2025-04-08,02338,0.35497,122,False
2025-04-08,01211,0.0108623,127,False
2025-04-09,01810,0.61783,6,False
2025-04-09,00489,0.581716,8,False
2025-04-09,03998,0.489842,18,False
2025-04-09,01691,0.484853,19,False
2025-04-09,03328,0.476008,24,False
2025-04-09,01288,0.461133,40,False
2025-04-09,06690,0.455735,48,False
2025-04-09,03968,0.448702,60,False
2025-04-09,02601,0.444378,67,False
2025-04-09,01171,0.440651,75,False
2025-04-09,02628,0.440189,78,False
2025-04-09,09888,0.434084,85,False
2025-04-09,00300,0.432023,87,False
2025-04-09,01179,0.370325,112,False
2025-04-09,02333,0.348984,116,False
2025-04-09,09961,0.316776,119,False
2025-04-09,02899,0.308316,120,False
2025-04-10,00939,0.850567,3,True
2025-04-10,03988,0.848523,4,False
2025-04-10,02269,0.460025,31,False
2025-04-10,00267,0.450175,36,False
2025-04-10,00868,0.440434,46,False
2025-04-10,01378,0.430509,56,False
2025-04-10,01658,0.424616,71,False
2025-04-10,00998,0.41875,76,False
2025-04-10,06160,0.404741,96,False
2025-04-10,03993,0.404376,97,False
2025-04-10,00941,0.398641,101,False
2025-04-10,02313,0.398307,102,False
2025-04-10,01919,0.395829,105,False
2025-04-10,02359,0.383194,112,False
2025-04-10,00883,0.369875,113,False
2025-04-10,00005,0.345841,117,False
2025-04-10,00316,0.222075,126,False
2025-04-10,00388,0.150622,127,False
2025-04-11,00857,0.609028,9,False
2025-04-11,00012,0.378196,85,False
2025-04-11,09688,0.328622,115,False
2025-05-20,06862,0.449002,48,True
2025-05-20,01109,0.426555,70,False
2025-05-20,00291,0.425253,71,False
2025-05-23,09888,0.415244,87,False
2025-05-27,09888,0.405549,94,True
2025-05-27,00241,0.390545,101,False
2025-05-29,02498,0.523302,57,False
2025-05-30,00006,0.495628,61,False
2025-06-04,03896,0.531399,15,False
2025-06-04,02498,0.436545,76,False
2025-06-09,02313,0.50522,49,False
2025-06-09,00551,0.500845,54,False
2025-06-09,01735,0.465444,104,False
2025-06-09,09961,0.36679,130,False
2025-06-10,01171,0.483881,56,False
2025-06-10,00489,0.462239,101,False
2025-06-16,01347,0.448928,49,True
2025-06-16,09868,0.439873,66,True
2025-06-16,00168,0.427694,81,False
2025-06-20,03988,0.843909,4,True
2025-06-20,02015,0.437323,100,True
2025-06-20,09618,0.414334,104,True
2025-06-20,01114,0.412624,105,False
2025-06-20,00941,0.404835,107,False
2025-06-20,02020,0.393611,110,False
2025-06-20,02333,0.384773,114,False
2025-06-20,00005,0.350859,122,False
2025-06-23,00386,0.52023,29,False
2025-06-23,00836,0.466311,76,False
2025-06-24,02319,0.555677,43,False
2025-06-24,00868,0.533161,69,False
2025-06-24,00669,0.439159,118,False
2025-07-09,01308,0.338776,111,True
2025-07-09,03311,0.337072,113,False
2025-07-11,01818,0.369989,111,True
2025-07-11,00002,0.352608,119,False
2025-07-17,06862,0.425062,69,False
2025-07-21,01288,0.485724,16,False
2025-07-23,09901,0.376239,129,False
2025-07-28,09901,0.298463,86,False
2025-08-04,01810,0.562949,14,True
2025-08-04,01658,0.560879,15,False
2025-08-04,02498,0.473139,61,False
2025-08-04,09995,0.463056,80,False
2025-08-04,02202,0.453868,92,False
2025-08-04,01787,0.442335,110,False
2025-08-04,00011,0.363679,135,False
2025-08-05,00165,0.469269,31,False
2025-08-05,00868,0.405208,90,False
2025-08-05,00168,0.383342,115,False
2025-08-05,00941,0.378329,121,False
2025-08-06,01788,0.771524,7,False
2025-08-13,09961,0.322497,144,False
2025-08-19,00016,0.320655,128,True
2025-08-19,00002,0.318785,130,False
2025-08-20,01398,0.719526,10,True
2025-08-20,00883,0.413397,86,False
2025-08-25,02057,0.412268,119,False
2025-08-28,00728,0.497254,16,True
2025-08-28,00267,0.367437,58,False
2025-08-28,02611,0.332078,110,False
2025-08-28,00316,0.0850616,149,False
2025-08-29,06969,0.442319,44,True
2025-08-29,01530,0.435072,51,False
2025-08-29,02367,0.408496,94,False
2025-08-29,02338,0.32489,140,False
2025-09-02,01211,0.735835,11,False
2025-09-02,01288,0.619523,18,False
2025-09-02,01919,0.474112,63,False
2025-09-02,01057,0.426587,129,False
2025-09-04,03678,0.61124,15,False
2025-09-04,02611,0.523104,45,False
2025-09-04,01057,0.503932,70,False
2025-09-05,00165,0.617074,18,False
2025-09-05,01302,0.55919,28,False
2025-09-05,00868,0.523993,67,False
2025-09-05,03888,0.516885,82,False
2025-09-05,01211,0.0234512,153,False
2025-09-08,01686,0.533097,98,False
2025-09-09,02601,0.553192,81,False
2025-09-09,02338,0.43007,145,False
2025-09-16,09992,0.391292,148,False
2025-09-19,01339,0.560111,36,False
2025-09-19,01428,0.528214,42,False
2025-09-19,00914,0.507397,61,False
2025-09-19,02328,0.447277,126,False
2025-09-23,02328,0.430638,57,True
2025-09-23,00857,0.418449,95,False
2025-09-26,01788,0.985981,2,True
2025-09-26,00939,0.891173,4,True
2025-09-26,03988,0.733668,10,True
2025-09-26,01658,0.600707,42,False
2025-09-26,00998,0.586688,53,False
2025-09-26,00291,0.539136,120,False
2025-09-29,00460,0.614995,18,True
2025-09-29,00762,0.561952,29,False
2025-09-29,00853,0.522631,37,False
2025-09-29,00902,0.511603,41,False
2025-09-29,01833,0.47296,110,False
2025-09-29,00097,0.44997,147,False
2025-09-30,00285,0.539508,55,False
2025-10-09,00883,0.584751,114,True
2025-10-09,09961,0.54034,152,False
2025-10-13,09995,0.520409,120,True
2025-10-13,03888,0.520052,122,False
2025-10-14,06618,0.499762,115,False
2025-10-15,01810,0.713338,11,True
2025-10-15,03896,0.696661,12,False
2025-10-15,02269,0.587277,29,False
2025-10-15,00268,0.573261,34,False
2025-10-15,06060,0.544314,59,False
2025-10-15,00856,0.544058,60,False
2025-10-15,02015,0.53645,78,False
2025-10-15,00027,0.535184,82,False
2025-10-15,03759,0.534981,83,False
2025-10-15,09926,0.534559,85,False
2025-10-15,01801,0.533862,86,False
2025-10-15,06682,0.533461,88,False
2025-10-15,02382,0.529249,104,False
2025-10-15,06127,0.528369,106,False
2025-10-15,00285,0.524884,114,False
2025-10-15,09863,0.524461,115,False
2025-10-15,06160,0.523842,116,False
2025-10-15,00669,0.521595,127,False
2025-10-15,02057,0.520528,131,False
2025-10-15,01686,0.511541,139,False
2025-10-15,09999,0.511377,140,False
2025-10-15,02359,0.504476,147,False
2025-10-15,01179,0.499184,150,False
2025-10-15,00005,0.46713,155,False
2025-10-15,03339,0.450652,157,False
2025-10-15,09961,0.387082,162,False
2025-10-15,00388,0.260857,164,False
2025-10-15,00700,0.141566,167,False
2025-10-16,09688,0.540286,39,False
2025-10-17,01928,0.442021,144,False
2025-10-20,00020,0.926384,1,False
2025-10-20,06060,0.577493,22,False
2025-10-20,03690,0.575493,24,False
2025-10-20,09688,0.536815,31,False
2025-10-20,00268,0.532934,32,False
2025-10-20,02015,0.510122,43,False
2025-10-20,06160,0.503062,53,False
2025-10-20,09888,0.502706,54,False
2025-10-20,00285,0.489316,88,False
2025-10-20,01211,0.481029,110,False
2025-10-20,09999,0.479747,116,False
2025-10-20,09863,0.478892,117,False
2025-10-20,06682,0.46792,144,False
2025-10-20,01686,0.464838,147,False
2025-10-20,00388,0.233006,167,False
2025-10-20,00700,0.142856,169,False
2025-11-04,00763,0.512508,142,False
2025-11-05,06881,0.581038,38,False
2025-11-05,03908,0.558122,57,False
2025-11-05,01929,0.5519,63,False
2025-11-05,06886,0.531976,93,False
2025-11-05,00688,0.527075,103,False
2025-11-05,02899,0.453138,158,False
2025-11-06,00175,0.600538,23,False
2025-11-07,01302,0.62708,24,False
2025-11-17,09866,0.524349,90,True
2025-11-17,00991,0.493362,125,False
2025-11-19,01050,0.461486,131,False
2025-11-19,00388,0.190811,170,False
2025-11-20,02005,0.482773,72,False
2025-11-20,02018,0.477737,80,False
2025-11-20,00489,0.37624,158,False
2025-11-24,00241,0.567446,13,True
2025-11-24,06060,0.505028,24,True
2025-11-24,03690,0.481296,35,True
2025-11-24,01928,0.474658,43,False
2025-11-24,01171,0.462584,64,False
2025-11-24,09866,0.46227,65,False
2025-11-24,00868,0.455794,82,False
2025-11-24,02018,0.453348,89,False
2025-11-24,06127,0.448238,96,False
2025-11-24,02005,0.447248,99,False
2025-11-24,00268,0.446609,101,False
2025-11-24,09888,0.435616,110,False
2025-11-24,01357,0.434247,112,False
2025-11-24,00489,0.425415,124,False
2025-11-24,01088,0.421116,127,False
2025-11-24,09926,0.417214,130,False
2025-11-24,03339,0.410606,136,False
2025-11-24,00011,0.318916,161,False
2025-11-24,00388,0.157241,169,False
2025-11-24,00700,0.0540432,170,False
2025-11-25,03800,0.998693,1,False
2025-11-25,00968,0.635711,18,False
2025-11-25,01288,0.61439,21,False
2025-11-25,02328,0.535188,85,False
2025-11-25,01336,0.518016,109,False
2025-11-26,00868,0.562948,80,False
2025-11-26,00316,0.218518,168,False
2025-12-04,01138,0.577942,44,False
2025-12-04,02359,0.555755,94,False
2025-12-05,02331,0.565434,73,False
2025-12-08,01138,0.576065,58,False
2025-12-10,00688,0.567414,55,True
2025-12-10,02319,0.554322,72,False
2025-12-10,01929,0.547683,88,False
2025-12-10,01818,0.535541,114,False
2025-12-10,00002,0.527084,123,False
2025-12-10,00291,0.518664,132,False
2025-12-10,09995,0.512067,137,False
2025-12-10,09992,0.485488,145,False
2025-12-10,06181,0.300289,154,False
2025-12-11,00939,0.763531,3,False
2025-12-11,01109,0.513662,91,False
2025-12-11,01801,0.509916,95,False
2025-12-11,03968,0.508731,96,False
2025-12-11,00941,0.496178,111,False
2025-12-11,02313,0.457721,140,False
2025-12-12,00386,0.624358,8,True
2025-12-12,02367,0.499765,49,True
2025-12-12,01988,0.494297,57,False
2025-12-12,01833,0.479433,85,False
2025-12-15,01302,0.475045,44,False
2025-12-16,00853,0.566826,22,False
2025-12-17,00857,0.647665,13,True
2025-12-17,01347,0.510137,68,True
2025-12-17,00941,0.505319,76,True
2025-12-17,01109,0.501045,84,True
2025-12-17,00027,0.496478,90,False
2025-12-17,00728,0.49448,98,False
2025-12-19,03896,0.558598,19,False
2025-12-19,02423,0.469701,82,False
2025-12-22,00020,0.893466,2,False
2025-12-30,02268,0.57443,94,False
2025-12-30,02338,0.443891,147,False
